Datetime,Open,High,Low,Close
2022-10-07 00:00:00,7.53680,7.54000,7.53640,7.53960
2022-10-07 00:01:00,7.53930,7.54555,7.53820,7.54430
2022-10-07 00:02:00,7.54350,7.54530,7.54350,7.54520
2022-10-07 00:03:00,7.54590,7.54730,7.54430,7.54730
2022-10-07 00:04:00,7.54700,7.54750,7.54650,7.54680
2022-10-07 00:05:00,7.54670,7.55190,7.54670,7.55120
2022-10-07 00:06:00,7.55065,7.55120,7.54910,7.54960
2022-10-07 00:07:00,7.55025,7.55115,7.54810,7.54950
2022-10-07 00:08:00,7.55005,7.55075,7.54920,7.54950
2022-10-07 00:09:00,7.54855,7.55110,7.54805,7.54920
2022-10-07 00:10:00,7.54895,7.55040,7.54830,7.54925
2022-10-07 00:11:00,7.55040,7.55120,7.54910,7.55080
2022-10-07 00:12:00,7.54985,7.55150,7.54930,7.55060
2022-10-07 00:13:00,7.55030,7.55490,7.54940,7.55430
2022-10-07 00:14:00,7.55360,7.55360,7.55020,7.55020
2022-10-07 00:15:00,7.55090,7.55235,7.54995,7.55210
2022-10-07 00:16:00,7.55090,7.55235,7.55090,7.55220
2022-10-07 00:17:00,7.55180,7.55230,7.55090,7.55120
2022-10-07 00:18:00,7.55160,7.55430,7.55160,7.55255
2022-10-07 00:19:00,7.55330,7.55490,7.55190,7.55190
2022-10-07 00:20:00,7.55200,7.55425,7.55200,7.55425
2022-10-07 00:21:00,7.55240,7.55350,7.55200,7.55350
2022-10-07 00:22:00,7.55290,7.55330,7.55150,7.55155
2022-10-07 00:23:00,7.55280,7.55750,7.55090,7.55560
2022-10-07 00:24:00,7.55505,7.55770,7.55505,7.55770
2022-10-07 00:25:00,7.55830,7.56045,7.55800,7.55990
2022-10-07 00:26:00,7.56030,7.56090,7.55880,7.56090
2022-10-07 00:27:00,7.56190,7.56305,7.56125,7.56305
2022-10-07 00:28:00,7.56615,7.56615,7.56410,7.56410
2022-10-07 00:29:00,7.56355,7.56680,7.56340,7.56500
2022-10-07 00:30:00,7.56510,7.56840,7.56385,7.56840
2022-10-07 00:31:00,7.56720,7.56720,7.56150,7.56165
2022-10-07 00:32:00,7.56150,7.56210,7.56005,7.56025
2022-10-07 00:33:00,7.56060,7.56100,7.55700,7.55990
2022-10-07 00:34:00,7.55960,7.56325,7.55950,7.56060
2022-10-07 00:35:00,7.56000,7.56050,7.55860,7.55860
2022-10-07 00:36:00,7.55775,7.55850,7.55650,7.55710
2022-10-07 00:37:00,7.55780,7.56020,7.55780,7.55930
2022-10-07 00:38:00,7.55990,7.56055,7.55860,7.55940
2022-10-07 00:39:00,7.55930,7.55950,7.55690,7.55690
2022-10-07 00:40:00,7.55670,7.55715,7.55245,7.55270
2022-10-07 00:41:00,7.55320,7.55550,7.55300,7.55500
2022-10-07 00:42:00,7.55500,7.55500,7.55330,7.55420
2022-10-07 00:43:00,7.55365,7.55520,7.55330,7.55450
2022-10-07 00:44:00,7.55410,7.55780,7.55410,7.55780
2022-10-07 00:45:00,7.55795,7.56115,7.55775,7.56115
2022-10-07 00:46:00,7.56190,7.56200,7.56190,7.56200
2022-10-07 00:47:00,7.56085,7.56490,7.56085,7.56490
2022-10-07 00:48:00,7.56640,7.56660,7.56375,7.56535
2022-10-07 00:49:00,7.56620,7.57075,7.56590,7.57075
2022-10-07 00:50:00,7.57090,7.57145,7.56860,7.56975
2022-10-07 00:51:00,7.56960,7.57300,7.56960,7.57200
2022-10-07 00:52:00,7.57390,7.57620,7.57390,7.57620
2022-10-07 00:53:00,7.57585,7.57585,7.57260,7.57260
2022-10-07 00:54:00,7.57265,7.57265,7.57045,7.57155
2022-10-07 00:55:00,7.57160,7.57510,7.57160,7.57510
2022-10-07 00:56:00,7.57510,7.57560,7.57420,7.57470
2022-10-07 00:57:00,7.57500,7.57510,7.57305,7.57435
2022-10-07 00:58:00,7.57540,7.57540,7.57090,7.57160
2022-10-07 00:59:00,7.57150,7.57155,7.56755,7.56850
2022-10-07 01:00:00,7.56950,7.56970,7.56725,7.56970
2022-10-07 01:01:00,7.57060,7.57170,7.56800,7.57170
2022-10-07 01:02:00,7.57025,7.57225,7.56940,7.57130
2022-10-07 01:03:00,7.57050,7.57160,7.56970,7.57000
2022-10-07 01:04:00,7.57000,7.57160,7.56945,7.57160
2022-10-07 01:05:00,7.57230,7.57535,7.57230,7.57400
2022-10-07 01:06:00,7.57385,7.57650,7.57380,7.57440
2022-10-07 01:07:00,7.57310,7.57450,7.57220,7.57220
2022-10-07 01:08:00,7.57265,7.57540,7.57150,7.57420
2022-10-07 01:09:00,7.57520,7.57610,7.57230,7.57230
2022-10-07 01:10:00,7.57240,7.57460,7.57140,7.57150
2022-10-07 01:11:00,7.57110,7.57360,7.56980,7.56980
2022-10-07 01:12:00,7.57020,7.57220,7.57020,7.57110
2022-10-07 01:13:00,7.56975,7.57130,7.56890,7.56890
2022-10-07 01:14:00,7.56940,7.56940,7.56720,7.56890
2022-10-07 01:15:00,7.56905,7.57030,7.56600,7.56600
2022-10-07 01:16:00,7.56615,7.56615,7.56460,7.56460
2022-10-07 01:17:00,7.56380,7.56725,7.56380,7.56530
2022-10-07 01:18:00,7.56450,7.56690,7.56400,7.56470
2022-10-07 01:19:00,7.56535,7.56620,7.56470,7.56470
2022-10-07 01:20:00,7.56340,7.56660,7.56340,7.56520
2022-10-07 01:21:00,7.56495,7.56540,7.56280,7.56310
2022-10-07 01:22:00,7.56310,7.56460,7.56280,7.56280
2022-10-07 01:23:00,7.56270,7.56340,7.56130,7.56130
2022-10-07 01:24:00,7.56190,7.56250,7.56095,7.56110
2022-10-07 01:25:00,7.56065,7.56095,7.55855,7.55855
2022-10-07 01:26:00,7.55885,7.55890,7.55755,7.55790
2022-10-07 01:27:00,7.56005,7.56120,7.55885,7.56100
2022-10-07 01:28:00,7.56025,7.56105,7.55850,7.56105
2022-10-07 01:29:00,7.56165,7.56360,7.56165,7.56325
2022-10-07 01:30:00,7.56295,7.56495,7.56295,7.56410
2022-10-07 01:31:00,7.56400,7.56550,7.56140,7.56140
2022-10-07 01:32:00,7.56290,7.56480,7.56260,7.56450
2022-10-07 01:33:00,7.56450,7.56790,7.56450,7.56790
2022-10-07 01:34:00,7.56750,7.57190,7.56750,7.57100
2022-10-07 01:35:00,7.57080,7.57240,7.56950,7.57140
2022-10-07 01:36:00,7.57110,7.57200,7.56875,7.56910
2022-10-07 01:37:00,7.57110,7.57110,7.56930,7.56930
2022-10-07 01:38:00,7.56960,7.57140,7.56670,7.56750
2022-10-07 01:39:00,7.56705,7.56705,7.56590,7.56700
2022-10-07 01:41:00,7.56400,7.56550,7.56320,7.56375
2022-10-07 01:42:00,7.56400,7.56600,7.56390,7.56455
2022-10-07 01:43:00,7.56390,7.56470,7.56330,7.56360
2022-10-07 01:44:00,7.56375,7.56560,7.56330,7.56390
2022-10-07 01:45:00,7.56540,7.56920,7.56540,7.56920
2022-10-07 01:46:00,7.56850,7.56950,7.56560,7.56560
2022-10-07 01:47:00,7.56540,7.56730,7.56265,7.56360
2022-10-07 01:48:00,7.56460,7.56460,7.56090,7.56090
2022-10-07 01:49:00,7.55950,7.55950,7.55720,7.55720
2022-10-07 01:50:00,7.55770,7.56120,7.55770,7.56080
2022-10-07 01:51:00,7.56030,7.56235,7.56000,7.56175
2022-10-07 01:52:00,7.56105,7.56430,7.56105,7.56245
2022-10-07 01:53:00,7.56255,7.56340,7.56090,7.56190
2022-10-07 01:54:00,7.56160,7.56350,7.56160,7.56340
2022-10-07 01:55:00,7.56080,7.56490,7.56080,7.56380
2022-10-07 01:56:00,7.56340,7.56510,7.56340,7.56400
2022-10-07 01:57:00,7.56260,7.56260,7.56025,7.56140
2022-10-07 01:58:00,7.56080,7.56210,7.55940,7.56210
2022-10-07 01:59:00,7.55960,7.56135,7.55960,7.56105
2022-10-07 02:00:00,7.56060,7.56060,7.55860,7.55860
2022-10-07 02:01:00,7.55835,7.55860,7.55700,7.55775
2022-10-07 02:02:00,7.55830,7.56100,7.55750,7.56095
2022-10-07 02:03:00,7.56140,7.56300,7.55990,7.56040
2022-10-07 02:04:00,7.56040,7.56230,7.55990,7.56230
2022-10-07 02:05:00,7.56165,7.56165,7.55940,7.56000
2022-10-07 02:06:00,7.56080,7.56180,7.55960,7.56070
2022-10-07 02:07:00,7.56110,7.56160,7.55765,7.55810
2022-10-07 02:08:00,7.55860,7.56180,7.55860,7.56160
2022-10-07 02:09:00,7.56140,7.56225,7.55945,7.56080
2022-10-07 02:10:00,7.56170,7.56560,7.56170,7.56510
2022-10-07 02:11:00,7.56530,7.56740,7.56480,7.56720
2022-10-07 02:12:00,7.56730,7.56760,7.56500,7.56500
2022-10-07 02:13:00,7.56600,7.56685,7.56530,7.56570
2022-10-07 02:14:00,7.56635,7.56865,7.56580,7.56825
2022-10-07 02:15:00,7.56870,7.57010,7.56770,7.56980
2022-10-07 02:16:00,7.57025,7.57380,7.57025,7.57330
2022-10-07 02:17:00,7.57385,7.57385,7.57325,7.57375
2022-10-07 02:18:00,7.57270,7.57270,7.57060,7.57100
2022-10-07 02:19:00,7.57095,7.57095,7.56630,7.56630
2022-10-07 02:20:00,7.56625,7.56650,7.56445,7.56530
2022-10-07 02:21:00,7.56400,7.56400,7.56150,7.56150
2022-10-07 02:22:00,7.56340,7.56855,7.56330,7.56850
2022-10-07 02:23:00,7.56865,7.57070,7.56770,7.56980
2022-10-07 02:24:00,7.56975,7.57100,7.56940,7.56940
2022-10-07 02:25:00,7.57010,7.57010,7.56720,7.56905
2022-10-07 02:26:00,7.56940,7.56990,7.56920,7.56970
2022-10-07 02:27:00,7.56935,7.56980,7.56885,7.56930
2022-10-07 02:28:00,7.56950,7.56950,7.56710,7.56745
2022-10-07 02:29:00,7.56740,7.56770,7.56700,7.56750
2022-10-07 02:30:00,7.56815,7.57040,7.56815,7.57020
2022-10-07 02:31:00,7.56940,7.57090,7.56920,7.57045
2022-10-07 02:32:00,7.57035,7.57070,7.56900,7.56950
2022-10-07 02:33:00,7.56895,7.56955,7.56780,7.56835
2022-10-07 02:34:00,7.56830,7.56830,7.56700,7.56790
2022-10-07 02:35:00,7.56770,7.56900,7.56705,7.56785
2022-10-07 02:36:00,7.56810,7.56810,7.56550,7.56590
2022-10-07 02:37:00,7.56630,7.56855,7.56630,7.56745
2022-10-07 02:38:00,7.56730,7.56770,7.56590,7.56720
2022-10-07 02:39:00,7.56770,7.57075,7.56770,7.57075
2022-10-07 02:40:00,7.57095,7.57515,7.57095,7.57405
2022-10-07 02:41:00,7.57440,7.57480,7.57300,7.57460
2022-10-07 02:42:00,7.57500,7.57745,7.57500,7.57580
2022-10-07 02:43:00,7.57670,7.57745,7.57515,7.57575
2022-10-07 02:44:00,7.57650,7.57730,7.57650,7.57715
2022-10-07 02:45:00,7.57790,7.57825,7.57460,7.57460
2022-10-07 02:46:00,7.57470,7.57580,7.57410,7.57410
2022-10-07 02:47:00,7.57385,7.57385,7.57130,7.57130
2022-10-07 02:48:00,7.57150,7.57210,7.57080,7.57115
2022-10-07 02:49:00,7.57190,7.57390,7.57190,7.57390
2022-10-07 02:50:00,7.57750,7.57855,7.57430,7.57430
2022-10-07 02:51:00,7.57445,7.57625,7.57445,7.57625
2022-10-07 02:52:00,7.57565,7.57630,7.57485,7.57550
2022-10-07 02:53:00,7.57535,7.57750,7.57535,7.57670
2022-10-07 02:54:00,7.57610,7.57820,7.57610,7.57810
2022-10-07 02:55:00,7.57770,7.57820,7.57650,7.57670
2022-10-07 02:56:00,7.57750,7.58020,7.57750,7.57865
2022-10-07 02:57:00,7.57900,7.58210,7.57900,7.58210
2022-10-07 02:58:00,7.58210,7.58430,7.58185,7.58360
2022-10-07 02:59:00,7.58410,7.58810,7.58410,7.58770
2022-10-07 03:00:00,7.58740,7.59010,7.58665,7.58820
2022-10-07 03:01:00,7.58800,7.58800,7.58550,7.58650
2022-10-07 03:02:00,7.58680,7.58680,7.58335,7.58475
2022-10-07 03:03:00,7.58450,7.58860,7.58400,7.58610
2022-10-07 03:04:00,7.58645,7.58835,7.58600,7.58805
2022-10-07 03:05:00,7.58740,7.58795,7.58600,7.58780
2022-10-07 03:06:00,7.58810,7.58870,7.58715,7.58795
2022-10-07 03:07:00,7.58835,7.58910,7.58835,7.58855
2022-10-07 03:08:00,7.58870,7.59170,7.58765,7.59145
2022-10-07 03:09:00,7.59220,7.59350,7.59220,7.59240
2022-10-07 03:10:00,7.59220,7.59425,7.59220,7.59290
2022-10-07 03:11:00,7.59275,7.59580,7.59275,7.59580
2022-10-07 03:12:00,7.59560,7.59780,7.59560,7.59760
2022-10-07 03:13:00,7.59795,7.59940,7.59760,7.59820
2022-10-07 03:14:00,7.59870,7.59870,7.59670,7.59695
2022-10-07 03:15:00,7.59660,7.59690,7.59500,7.59690
2022-10-07 03:16:00,7.59830,7.60000,7.59820,7.59850
2022-10-07 03:17:00,7.59845,7.59870,7.59700,7.59700
2022-10-07 03:18:00,7.59705,7.59950,7.59705,7.59790
2022-10-07 03:19:00,7.59910,7.59910,7.59835,7.59870
2022-10-07 03:20:00,7.59775,7.59880,7.59775,7.59850
2022-10-07 03:21:00,7.59880,7.60040,7.59640,7.59640
2022-10-07 03:22:00,7.59590,7.59590,7.59050,7.59105
2022-10-07 03:23:00,7.59070,7.59100,7.59000,7.59005
2022-10-07 03:24:00,7.59020,7.59340,7.59020,7.59340
2022-10-07 03:25:00,7.59265,7.59265,7.59005,7.59210
2022-10-07 03:26:00,7.59205,7.59275,7.59115,7.59245
2022-10-07 03:27:00,7.59260,7.59370,7.59245,7.59290
2022-10-07 03:28:00,7.59320,7.59600,7.59300,7.59490
2022-10-07 03:29:00,7.59480,7.59505,7.59250,7.59250
2022-10-07 03:30:00,7.59270,7.59610,7.59250,7.59610
2022-10-07 03:31:00,7.59560,7.59720,7.59520,7.59520
2022-10-07 03:32:00,7.59555,7.59785,7.59510,7.59715
2022-10-07 03:33:00,7.59695,7.59715,7.59530,7.59530
2022-10-07 03:34:00,7.59420,7.59420,7.59060,7.59060
2022-10-07 03:35:00,7.59085,7.59380,7.59045,7.59380
2022-10-07 03:36:00,7.59360,7.59540,7.59310,7.59340
2022-10-07 03:37:00,7.59310,7.59410,7.59310,7.59360
2022-10-07 03:38:00,7.59375,7.59660,7.59375,7.59475
2022-10-07 03:39:00,7.59480,7.59520,7.59370,7.59410
2022-10-07 03:40:00,7.59335,7.59445,7.59335,7.59430
2022-10-07 03:41:00,7.59450,7.59540,7.59430,7.59510
2022-10-07 03:42:00,7.59515,7.59570,7.59330,7.59330
2022-10-07 03:43:00,7.59320,7.59330,7.59040,7.59055
2022-10-07 03:44:00,7.59020,7.59090,7.58930,7.58930
2022-10-07 03:45:00,7.58910,7.58940,7.58880,7.58900
2022-10-07 03:46:00,7.58910,7.58910,7.58710,7.58710
2022-10-07 03:47:00,7.58715,7.59000,7.58715,7.59000
2022-10-07 03:48:00,7.58985,7.58985,7.58920,7.58955
2022-10-07 03:49:00,7.58985,7.59290,7.58985,7.59100
2022-10-07 03:50:00,7.59060,7.59270,7.59010,7.59270
2022-10-07 03:51:00,7.59215,7.59310,7.59180,7.59255
2022-10-07 03:52:00,7.59240,7.59300,7.58990,7.58990
2022-10-07 03:53:00,7.58990,7.59100,7.58975,7.59040
2022-10-07 03:54:00,7.59070,7.59080,7.58980,7.59080
2022-10-07 03:55:00,7.59070,7.59120,7.59050,7.59080
2022-10-07 03:56:00,7.59070,7.59140,7.59050,7.59130
2022-10-07 03:57:00,7.59120,7.59120,7.59000,7.59010
2022-10-07 03:58:00,7.59050,7.59185,7.59050,7.59125
2022-10-07 03:59:00,7.59130,7.59135,7.58960,7.58980
2022-10-07 04:00:00,7.58925,7.59000,7.58790,7.58815
2022-10-07 04:01:00,7.58795,7.58815,7.58580,7.58580
2022-10-07 04:02:00,7.58600,7.58780,7.58600,7.58750
2022-10-07 04:03:00,7.58740,7.58775,7.58680,7.58695
2022-10-07 04:04:00,7.58675,7.58700,7.58570,7.58700
2022-10-07 04:05:00,7.58700,7.58835,7.58610,7.58810
2022-10-07 04:06:00,7.58800,7.58945,7.58800,7.58945
2022-10-07 04:07:00,7.58915,7.58915,7.58750,7.58860
2022-10-07 04:08:00,7.58930,7.59010,7.58890,7.58990
2022-10-07 04:09:00,7.58985,7.59160,7.58985,7.59095
2022-10-07 04:10:00,7.59080,7.59080,7.58860,7.58860
2022-10-07 04:11:00,7.58775,7.58920,7.58775,7.58900
2022-10-07 04:12:00,7.58885,7.58890,7.58680,7.58680
2022-10-07 04:13:00,7.58660,7.58685,7.58410,7.58410
2022-10-07 04:14:00,7.58415,7.58450,7.58295,7.58295
2022-10-07 04:15:00,7.58330,7.58350,7.58150,7.58265
2022-10-07 04:16:00,7.58260,7.58300,7.58200,7.58290
2022-10-07 04:17:00,7.58280,7.58280,7.58225,7.58230
2022-10-07 04:18:00,7.58220,7.58255,7.58150,7.58255
2022-10-07 04:19:00,7.58250,7.58250,7.58120,7.58180
2022-10-07 04:20:00,7.58205,7.58355,7.58195,7.58355
2022-10-07 04:21:00,7.58320,7.58435,7.58280,7.58290
2022-10-07 04:22:00,7.58290,7.58440,7.58290,7.58380
2022-10-07 04:23:00,7.58395,7.58395,7.58230,7.58265
2022-10-07 04:24:00,7.58290,7.58310,7.58235,7.58300
2022-10-07 04:25:00,7.58325,7.58500,7.58325,7.58460
2022-10-07 04:26:00,7.58465,7.58465,7.58250,7.58250
2022-10-07 04:27:00,7.58280,7.58305,7.58240,7.58270
2022-10-07 04:28:00,7.58225,7.58270,7.58140,7.58145
2022-10-07 04:29:00,7.58155,7.58155,7.57990,7.58030
2022-10-07 04:30:00,7.58015,7.58210,7.58015,7.58210
2022-10-07 04:31:00,7.58200,7.58260,7.58200,7.58230
2022-10-07 04:32:00,7.58255,7.58325,7.58245,7.58305
2022-10-07 04:33:00,7.58290,7.58320,7.58225,7.58225
2022-10-07 04:34:00,7.58235,7.58280,7.58235,7.58270
2022-10-07 04:35:00,7.58305,7.58470,7.58240,7.58425
2022-10-07 04:36:00,7.58435,7.58450,7.58410,7.58410
2022-10-07 04:37:00,7.58450,7.58450,7.58330,7.58335
2022-10-07 04:38:00,7.58350,7.58420,7.58265,7.58335
2022-10-07 04:39:00,7.58360,7.58390,7.58300,7.58390
2022-10-07 04:40:00,7.58450,7.58450,7.58315,7.58350
2022-10-07 04:41:00,7.58360,7.58365,7.58315,7.58325
2022-10-07 04:42:00,7.58325,7.58325,7.58170,7.58185
2022-10-07 04:43:00,7.58155,7.58155,7.58085,7.58135
2022-10-07 04:44:00,7.58195,7.58330,7.58195,7.58290
2022-10-07 04:45:00,7.58300,7.58310,7.58275,7.58305
2022-10-07 04:46:00,7.58315,7.58410,7.58315,7.58380
2022-10-07 04:47:00,7.58410,7.58420,7.58380,7.58420
2022-10-07 04:48:00,7.58445,7.58460,7.58280,7.58280
2022-10-07 04:49:00,7.58215,7.58250,7.58145,7.58145
2022-10-07 04:50:00,7.58150,7.58270,7.58150,7.58225
2022-10-07 04:51:00,7.58190,7.58340,7.58160,7.58320
2022-10-07 04:52:00,7.58370,7.58445,7.58340,7.58340
2022-10-07 04:53:00,7.58360,7.58410,7.58340,7.58395
2022-10-07 04:54:00,7.58415,7.58415,7.58265,7.58275
2022-10-07 04:55:00,7.58230,7.58230,7.57750,7.57750
2022-10-07 04:56:00,7.57890,7.57920,7.57850,7.57920
2022-10-07 04:57:00,7.58020,7.58200,7.57950,7.57950
2022-10-07 04:58:00,7.57995,7.58070,7.57900,7.57900
2022-10-07 04:59:00,7.57920,7.57940,7.57840,7.57840
2022-10-07 05:00:00,7.57880,7.57980,7.57880,7.57935
2022-10-07 05:01:00,7.57865,7.57960,7.57790,7.57915
2022-10-07 05:02:00,7.57930,7.58040,7.57930,7.58040
2022-10-07 05:03:00,7.58050,7.58210,7.58035,7.58170
2022-10-07 05:04:00,7.58170,7.58370,7.58140,7.58325
2022-10-07 05:05:00,7.58290,7.58430,7.58245,7.58400
2022-10-07 05:06:00,7.58335,7.58390,7.58305,7.58390
2022-10-07 05:07:00,7.58420,7.58420,7.58190,7.58205
2022-10-07 05:08:00,7.58230,7.58400,7.58230,7.58350
2022-10-07 05:09:00,7.58350,7.58350,7.58230,7.58230
2022-10-07 05:10:00,7.58235,7.58460,7.58235,7.58430
2022-10-07 05:11:00,7.58400,7.58400,7.58215,7.58310
2022-10-07 05:12:00,7.58285,7.58360,7.58230,7.58270
2022-10-07 05:13:00,7.58280,7.58280,7.58150,7.58160
2022-10-07 05:14:00,7.58145,7.58160,7.57985,7.58090
2022-10-07 05:15:00,7.58090,7.58150,7.58090,7.58140
2022-10-07 05:16:00,7.58110,7.58320,7.58110,7.58255
2022-10-07 05:17:00,7.58270,7.58305,7.58165,7.58210
2022-10-07 05:18:00,7.58210,7.58305,7.58210,7.58290
2022-10-07 05:19:00,7.58260,7.58330,7.58230,7.58295
2022-10-07 05:20:00,7.58290,7.58330,7.58205,7.58315
2022-10-07 05:21:00,7.58315,7.58515,7.58315,7.58345
2022-10-07 05:22:00,7.58335,7.58335,7.58185,7.58215
2022-10-07 05:23:00,7.58260,7.58350,7.58260,7.58350
2022-10-07 05:24:00,7.58350,7.58350,7.58285,7.58330
2022-10-07 05:25:00,7.58310,7.58310,7.58260,7.58260
2022-10-07 05:26:00,7.58215,7.58320,7.58215,7.58320
2022-10-07 05:27:00,7.58360,7.58460,7.58360,7.58460
2022-10-07 05:28:00,7.58460,7.58600,7.58450,7.58590
2022-10-07 05:29:00,7.58495,7.58565,7.58495,7.58560
2022-10-07 05:30:00,7.58540,7.58550,7.58460,7.58480
2022-10-07 05:31:00,7.58540,7.58540,7.58250,7.58250
2022-10-07 05:32:00,7.58220,7.58245,7.58165,7.58200
2022-10-07 05:33:00,7.58180,7.58350,7.58180,7.58350
2022-10-07 05:34:00,7.58360,7.58570,7.58360,7.58470
2022-10-07 05:35:00,7.58470,7.58470,7.58380,7.58450
2022-10-07 05:36:00,7.58460,7.58460,7.58210,7.58235
2022-10-07 05:37:00,7.58280,7.58350,7.58250,7.58290
2022-10-07 05:38:00,7.58300,7.58470,7.58300,7.58470
2022-10-07 05:39:00,7.58445,7.58580,7.58400,7.58545
2022-10-07 05:40:00,7.58570,7.58640,7.58555,7.58575
2022-10-07 05:41:00,7.58575,7.58615,7.58530,7.58615
2022-10-07 05:42:00,7.58595,7.58680,7.58580,7.58680
2022-10-07 05:43:00,7.58660,7.58800,7.58650,7.58800
2022-10-07 05:44:00,7.58825,7.58880,7.58760,7.58810
2022-10-07 05:45:00,7.58770,7.59010,7.58770,7.59010
2022-10-07 05:46:00,7.59020,7.59050,7.58905,7.58960
2022-10-07 05:47:00,7.58940,7.59020,7.58940,7.59020
2022-10-07 05:48:00,7.59010,7.59015,7.58960,7.58980
2022-10-07 05:49:00,7.59040,7.59150,7.58990,7.59110
2022-10-07 05:50:00,7.59140,7.59240,7.59140,7.59215
2022-10-07 05:51:00,7.59320,7.59330,7.59270,7.59290
2022-10-07 05:52:00,7.59305,7.59380,7.59305,7.59380
2022-10-07 05:53:00,7.59400,7.59485,7.59385,7.59415
2022-10-07 05:54:00,7.59430,7.59430,7.59135,7.59230
2022-10-07 05:55:00,7.59270,7.59270,7.59140,7.59205
2022-10-07 05:56:00,7.59160,7.59400,7.59160,7.59400
2022-10-07 05:57:00,7.59360,7.59370,7.59290,7.59340
2022-10-07 05:58:00,7.59345,7.59590,7.59345,7.59565
2022-10-07 05:59:00,7.59565,7.59620,7.59520,7.59620
2022-10-07 06:00:00,7.59470,7.59485,7.59240,7.59270
2022-10-07 06:01:00,7.59290,7.59640,7.59290,7.59640
2022-10-07 06:02:00,7.59640,7.59700,7.59480,7.59515
2022-10-07 06:03:00,7.59540,7.59540,7.59420,7.59490
2022-10-07 06:04:00,7.59420,7.59500,7.59350,7.59430
2022-10-07 06:05:00,7.59445,7.59635,7.59440,7.59580
2022-10-07 06:06:00,7.59605,7.59605,7.59530,7.59550
2022-10-07 06:07:00,7.59550,7.59600,7.59520,7.59590
2022-10-07 06:08:00,7.59560,7.59600,7.59560,7.59600
2022-10-07 06:09:00,7.59550,7.59630,7.59520,7.59545
2022-10-07 06:10:00,7.59580,7.59655,7.59580,7.59640
2022-10-07 06:11:00,7.59700,7.59780,7.59700,7.59745
2022-10-07 06:12:00,7.59780,7.59800,7.59590,7.59680
2022-10-07 06:13:00,7.59705,7.59735,7.59610,7.59660
2022-10-07 06:14:00,7.59620,7.59790,7.59620,7.59670
2022-10-07 06:15:00,7.59680,7.59680,7.59495,7.59500
2022-10-07 06:16:00,7.59700,7.59730,7.59515,7.59515
2022-10-07 06:17:00,7.59530,7.59650,7.59480,7.59480
2022-10-07 06:18:00,7.59595,7.59610,7.59465,7.59510
2022-10-07 06:19:00,7.59460,7.59560,7.59390,7.59560
2022-10-07 06:20:00,7.59500,7.59620,7.59460,7.59580
2022-10-07 06:21:00,7.59595,7.59630,7.59540,7.59585
2022-10-07 06:22:00,7.59610,7.59670,7.59520,7.59600
2022-10-07 06:23:00,7.59610,7.59610,7.59340,7.59485
2022-10-07 06:24:00,7.59360,7.59360,7.59225,7.59315
2022-10-07 06:25:00,7.59350,7.59350,7.59215,7.59325
2022-10-07 06:26:00,7.59315,7.59340,7.59190,7.59200
2022-10-07 06:27:00,7.59250,7.59280,7.59070,7.59100
2022-10-07 06:28:00,7.59145,7.59290,7.59075,7.59270
2022-10-07 06:29:00,7.59230,7.59270,7.59140,7.59250
2022-10-07 06:30:00,7.59240,7.59290,7.59170,7.59290
2022-10-07 06:31:00,7.59290,7.59300,7.59250,7.59275
2022-10-07 06:32:00,7.59285,7.59380,7.59285,7.59300
2022-10-07 06:33:00,7.59265,7.59380,7.59260,7.59380
2022-10-07 06:34:00,7.59390,7.59450,7.59340,7.59370
2022-10-07 06:35:00,7.59380,7.59420,7.59365,7.59420
2022-10-07 06:36:00,7.59450,7.59505,7.59450,7.59505
2022-10-07 06:37:00,7.59505,7.59505,7.59420,7.59420
2022-10-07 06:38:00,7.59440,7.59525,7.59430,7.59520
2022-10-07 06:39:00,7.59480,7.59530,7.59420,7.59530
2022-10-07 06:40:00,7.59520,7.59545,7.59420,7.59435
2022-10-07 06:41:00,7.59430,7.59430,7.59355,7.59360
2022-10-07 06:42:00,7.59350,7.59380,7.59190,7.59190
2022-10-07 06:43:00,7.59205,7.59225,7.59160,7.59225
2022-10-07 06:44:00,7.59270,7.59270,7.59210,7.59250
2022-10-07 06:45:00,7.59345,7.59370,7.59200,7.59200
2022-10-07 06:46:00,7.59190,7.59250,7.59080,7.59080
2022-10-07 06:47:00,7.59100,7.59190,7.58960,7.58995
2022-10-07 06:48:00,7.59025,7.59190,7.59025,7.59180
2022-10-07 06:49:00,7.59110,7.59300,7.59070,7.59300
2022-10-07 06:50:00,7.59200,7.59340,7.59180,7.59290
2022-10-07 06:51:00,7.59320,7.59345,7.59160,7.59345
2022-10-07 06:52:00,7.59340,7.59400,7.59340,7.59400
2022-10-07 06:53:00,7.59380,7.59390,7.59350,7.59355
2022-10-07 06:54:00,7.59360,7.59370,7.59230,7.59230
2022-10-07 06:55:00,7.59210,7.59240,7.59155,7.59200
2022-10-07 06:56:00,7.59160,7.59235,7.59120,7.59190
2022-10-07 06:57:00,7.59210,7.59255,7.59130,7.59190
2022-10-07 06:58:00,7.59180,7.59340,7.59170,7.59340
2022-10-07 06:59:00,7.59410,7.59410,7.59285,7.59320
2022-10-07 07:00:00,7.59315,7.59350,7.59250,7.59250
2022-10-07 07:01:00,7.59240,7.59240,7.59165,7.59165
2022-10-07 07:02:00,7.59160,7.59250,7.59080,7.59170
2022-10-07 07:03:00,7.59165,7.59260,7.59120,7.59170
2022-10-07 07:04:00,7.59110,7.59210,7.59050,7.59090
2022-10-07 07:05:00,7.59160,7.59210,7.59080,7.59080
2022-10-07 07:06:00,7.59080,7.59175,7.59030,7.59110
2022-10-07 07:07:00,7.59120,7.59120,7.58970,7.59050
2022-10-07 07:08:00,7.59115,7.59115,7.58950,7.58990
2022-10-07 07:09:00,7.58980,7.59025,7.58930,7.59020
2022-10-07 07:10:00,7.59040,7.59050,7.58930,7.59010
2022-10-07 07:11:00,7.59065,7.59065,7.58920,7.59035
2022-10-07 07:12:00,7.58980,7.59120,7.58950,7.59040
2022-10-07 07:13:00,7.59085,7.59160,7.59010,7.59045
2022-10-07 07:14:00,7.59050,7.59180,7.59050,7.59150
2022-10-07 07:15:00,7.59150,7.59150,7.59005,7.59005
2022-10-07 07:16:00,7.58995,7.59050,7.58995,7.59000
2022-10-07 07:17:00,7.59035,7.59110,7.59035,7.59110
2022-10-07 07:18:00,7.59130,7.59160,7.59130,7.59160
2022-10-07 07:19:00,7.59160,7.59160,7.59120,7.59130
2022-10-07 07:20:00,7.59205,7.59405,7.59130,7.59185
2022-10-07 07:21:00,7.59230,7.59320,7.59230,7.59240
2022-10-07 07:22:00,7.59170,7.59350,7.59170,7.59235
2022-10-07 07:23:00,7.59285,7.59385,7.59285,7.59380
2022-10-07 07:24:00,7.59425,7.59465,7.59170,7.59210
2022-10-07 07:25:00,7.59320,7.59380,7.59240,7.59255
2022-10-07 07:26:00,7.59310,7.59390,7.59310,7.59390
2022-10-07 07:27:00,7.59380,7.59465,7.59380,7.59460
2022-10-07 07:28:00,7.59450,7.59470,7.59440,7.59470
2022-10-07 07:29:00,7.59450,7.59480,7.59450,7.59470
2022-10-07 07:30:00,7.59470,7.59490,7.59460,7.59480
2022-10-07 07:31:00,7.59480,7.59600,7.59480,7.59560
2022-10-07 07:32:00,7.59565,7.59595,7.59565,7.59585
2022-10-07 07:33:00,7.59585,7.59620,7.59570,7.59610
2022-10-07 07:34:00,7.59600,7.59655,7.59600,7.59620
2022-10-07 07:35:00,7.59630,7.59640,7.59610,7.59615
2022-10-07 07:36:00,7.59630,7.59630,7.59610,7.59620
2022-10-07 07:37:00,7.59615,7.59630,7.59615,7.59620
2022-10-07 07:38:00,7.59625,7.59635,7.59625,7.59635
2022-10-07 07:39:00,7.59605,7.59705,7.59605,7.59700
2022-10-07 07:40:00,7.59675,7.59690,7.59655,7.59655
2022-10-07 07:41:00,7.59660,7.59675,7.59660,7.59675
2022-10-07 07:42:00,7.59670,7.59685,7.59670,7.59675
2022-10-07 07:43:00,7.59660,7.59680,7.59590,7.59610
2022-10-07 07:44:00,7.59620,7.59690,7.59610,7.59650
2022-10-07 07:45:00,7.59655,7.59690,7.59655,7.59680
2022-10-07 07:46:00,7.59595,7.59630,7.59590,7.59625
2022-10-07 07:47:00,7.59635,7.59650,7.59625,7.59640
2022-10-07 07:48:00,7.59650,7.59675,7.59620,7.59670
2022-10-07 07:49:00,7.59670,7.59670,7.59640,7.59660
2022-10-07 07:50:00,7.59660,7.59680,7.59615,7.59680
2022-10-07 07:51:00,7.59675,7.59710,7.59660,7.59690
2022-10-07 07:52:00,7.59690,7.59820,7.59690,7.59820
2022-10-07 07:53:00,7.59810,7.59880,7.59795,7.59860
2022-10-07 07:54:00,7.59850,7.59880,7.59850,7.59860
2022-10-07 07:55:00,7.59795,7.59860,7.59785,7.59845
2022-10-07 07:56:00,7.59835,7.59840,7.59695,7.59695
2022-10-07 07:57:00,7.59705,7.59750,7.59690,7.59740
2022-10-07 07:58:00,7.59720,7.59775,7.59700,7.59770
2022-10-07 07:59:00,7.59760,7.59820,7.59650,7.59770
2022-10-07 08:00:00,7.59840,7.59870,7.59810,7.59810
2022-10-07 08:01:00,7.59830,7.59860,7.59820,7.59850
2022-10-07 08:02:00,7.59890,7.59890,7.59800,7.59850
2022-10-07 08:03:00,7.59880,7.59880,7.59790,7.59830
2022-10-07 08:04:00,7.59870,7.59880,7.59820,7.59825
2022-10-07 08:05:00,7.59900,7.59920,7.59880,7.59880
2022-10-07 08:06:00,7.59900,7.59970,7.59890,7.59910
2022-10-07 08:07:00,7.59900,7.59910,7.59885,7.59885
2022-10-07 08:08:00,7.59910,7.59940,7.59870,7.59870
2022-10-07 08:09:00,7.59920,7.59980,7.59900,7.59930
2022-10-07 08:10:00,7.59920,7.59990,7.59920,7.59950
2022-10-07 08:11:00,7.59960,7.59980,7.59955,7.59955
2022-10-07 08:12:00,7.59950,7.59960,7.59890,7.59960
2022-10-07 08:13:00,7.59955,7.59965,7.59880,7.59880
2022-10-07 08:14:00,7.59880,7.59920,7.59880,7.59920
2022-10-07 08:15:00,7.59930,7.59960,7.59930,7.59940
2022-10-07 08:16:00,7.59950,7.59970,7.59950,7.59960
2022-10-07 08:17:00,7.59975,7.60000,7.59960,7.59960
2022-10-07 08:18:00,7.59970,7.59970,7.59890,7.59910
2022-10-07 08:19:00,7.59900,7.59900,7.59890,7.59890
2022-10-07 08:21:00,7.59930,7.59950,7.59930,7.59940
2022-10-07 08:22:00,7.59940,7.59940,7.59940,7.59940
2022-10-07 08:24:00,7.59840,7.59890,7.59750,7.59770
2022-10-07 08:25:00,7.59780,7.59820,7.59770,7.59820
2022-10-07 08:26:00,7.59820,7.59820,7.59490,7.59490
2022-10-07 08:27:00,7.59495,7.59690,7.59495,7.59655
2022-10-07 08:28:00,7.59675,7.59730,7.59650,7.59730
2022-10-07 08:29:00,7.59720,7.59755,7.59690,7.59710
2022-10-07 08:30:00,7.59705,7.59795,7.59690,7.59795
2022-10-07 08:31:00,7.59800,7.59800,7.59715,7.59720
2022-10-07 08:32:00,7.59715,7.59715,7.59695,7.59695
2022-10-07 08:33:00,7.59690,7.59720,7.59690,7.59700
2022-10-07 08:34:00,7.59700,7.59730,7.59700,7.59710
2022-10-07 08:35:00,7.59690,7.59720,7.59690,7.59715
2022-10-07 08:36:00,7.59730,7.59730,7.59715,7.59715
2022-10-07 08:37:00,7.59720,7.59720,7.59715,7.59715
2022-10-07 08:38:00,7.59715,7.59715,7.59660,7.59660
2022-10-07 08:39:00,7.59710,7.59710,7.59620,7.59640
2022-10-07 08:40:00,7.59630,7.59640,7.59590,7.59640
2022-10-07 08:41:00,7.59670,7.59730,7.59580,7.59600
2022-10-07 08:42:00,7.59620,7.59700,7.59620,7.59680
2022-10-07 08:43:00,7.59640,7.59660,7.59560,7.59650
2022-10-07 08:44:00,7.59640,7.59650,7.59560,7.59610
2022-10-07 08:45:00,7.59590,7.59640,7.59590,7.59640
2022-10-07 08:46:00,7.59640,7.59640,7.59530,7.59610
2022-10-07 08:47:00,7.59620,7.59620,7.59570,7.59600
2022-10-07 08:48:00,7.59610,7.59630,7.59600,7.59600
2022-10-07 08:49:00,7.59600,7.59635,7.59600,7.59635
2022-10-07 08:50:00,7.59610,7.59640,7.59610,7.59620
2022-10-07 08:51:00,7.59630,7.59670,7.59620,7.59635
2022-10-07 08:52:00,7.59650,7.59650,7.59630,7.59635
2022-10-07 08:53:00,7.59630,7.59630,7.59550,7.59580
2022-10-07 08:54:00,7.59580,7.59670,7.59580,7.59640
2022-10-07 08:55:00,7.59625,7.59625,7.59580,7.59580
2022-10-07 08:56:00,7.59590,7.59610,7.59520,7.59550
2022-10-07 08:57:00,7.59580,7.59590,7.59550,7.59550
2022-10-07 08:58:00,7.59460,7.59640,7.59460,7.59640
2022-10-07 08:59:00,7.59590,7.59670,7.59550,7.59580
2022-10-07 09:00:00,7.59600,7.59660,7.59535,7.59570
2022-10-07 09:01:00,7.59685,7.59695,7.59685,7.59695
2022-10-07 09:02:00,7.59660,7.59710,7.59655,7.59710
2022-10-07 09:03:00,7.59715,7.59715,7.59650,7.59650
2022-10-07 09:04:00,7.59650,7.59655,7.59620,7.59630
2022-10-07 09:05:00,7.59630,7.59630,7.59550,7.59550
2022-10-07 09:06:00,7.59510,7.59515,7.59495,7.59495
2022-10-07 09:07:00,7.59495,7.59530,7.59495,7.59495
2022-10-07 09:08:00,7.59485,7.59500,7.59430,7.59465
2022-10-07 09:09:00,7.59425,7.59450,7.59325,7.59325
2022-10-07 09:10:00,7.59320,7.59410,7.59320,7.59410
2022-10-07 09:11:00,7.59570,7.59620,7.59570,7.59610
2022-10-07 09:12:00,7.59605,7.59625,7.59530,7.59550
2022-10-07 09:13:00,7.59550,7.59640,7.59545,7.59545
2022-10-07 09:14:00,7.59530,7.59540,7.59420,7.59495
2022-10-07 09:15:00,7.59490,7.59500,7.59480,7.59500
2022-10-07 09:16:00,7.59485,7.59500,7.59405,7.59410
2022-10-07 09:17:00,7.59420,7.59430,7.59370,7.59370
2022-10-07 09:18:00,7.59370,7.59400,7.59350,7.59375
2022-10-07 09:19:00,7.59355,7.59355,7.59275,7.59275
2022-10-07 09:20:00,7.59295,7.59410,7.59295,7.59365
2022-10-07 09:21:00,7.59380,7.59550,7.59380,7.59550
2022-10-07 09:22:00,7.59525,7.59640,7.59525,7.59640
2022-10-07 09:23:00,7.59645,7.59720,7.59635,7.59720
2022-10-07 09:24:00,7.59690,7.59690,7.59665,7.59680
2022-10-07 09:25:00,7.59630,7.59635,7.59530,7.59530
2022-10-07 09:26:00,7.59550,7.59575,7.59530,7.59575
2022-10-07 09:27:00,7.59570,7.59625,7.59555,7.59625
2022-10-07 09:28:00,7.59615,7.59680,7.59615,7.59660
2022-10-07 09:29:00,7.59610,7.59635,7.59590,7.59620
2022-10-07 09:30:00,7.59615,7.59620,7.59605,7.59605
2022-10-07 09:31:00,7.59620,7.59630,7.59605,7.59605
2022-10-07 09:32:00,7.59600,7.59625,7.59600,7.59615
2022-10-07 09:33:00,7.59600,7.59620,7.59540,7.59545
2022-10-07 09:34:00,7.59540,7.59560,7.59540,7.59560
2022-10-07 09:35:00,7.59580,7.59580,7.59550,7.59565
2022-10-07 09:36:00,7.59560,7.59570,7.59550,7.59555
2022-10-07 09:37:00,7.59560,7.59560,7.59525,7.59550
2022-10-07 09:38:00,7.59555,7.59590,7.59555,7.59570
2022-10-07 09:39:00,7.59565,7.59585,7.59555,7.59575
2022-10-07 09:40:00,7.59575,7.59590,7.59575,7.59585
2022-10-07 09:41:00,7.59520,7.59575,7.59520,7.59540
2022-10-07 09:42:00,7.59545,7.59545,7.59510,7.59510
2022-10-07 09:43:00,7.59515,7.59515,7.59475,7.59475
2022-10-07 09:44:00,7.59475,7.59515,7.59470,7.59470
2022-10-07 09:45:00,7.59495,7.59495,7.59465,7.59475
2022-10-07 09:46:00,7.59480,7.59490,7.59480,7.59485
2022-10-07 09:47:00,7.59485,7.59570,7.59485,7.59520
2022-10-07 09:48:00,7.59520,7.59530,7.59500,7.59500
2022-10-07 09:49:00,7.59510,7.59545,7.59505,7.59535
2022-10-07 09:50:00,7.59540,7.59560,7.59530,7.59530
2022-10-07 09:51:00,7.59550,7.59555,7.59530,7.59555
2022-10-07 09:52:00,7.59550,7.59550,7.59540,7.59540
2022-10-07 09:53:00,7.59545,7.59545,7.59525,7.59535
2022-10-07 09:54:00,7.59510,7.59535,7.59500,7.59515
2022-10-07 09:55:00,7.59515,7.59545,7.59490,7.59545
2022-10-07 09:56:00,7.59525,7.59545,7.59525,7.59540
2022-10-07 09:57:00,7.59540,7.59575,7.59535,7.59565
2022-10-07 09:58:00,7.59565,7.59620,7.59565,7.59620
2022-10-07 09:59:00,7.59635,7.59650,7.59630,7.59630
2022-10-07 10:01:00,7.59650,7.59675,7.59650,7.59660
2022-10-07 10:02:00,7.59715,7.59715,7.59705,7.59710
2022-10-07 10:03:00,7.59710,7.59790,7.59700,7.59780
2022-10-07 10:04:00,7.59765,7.59775,7.59765,7.59770
2022-10-07 10:05:00,7.59770,7.59795,7.59770,7.59785
2022-10-07 10:06:00,7.59780,7.59795,7.59760,7.59790
2022-10-07 10:07:00,7.59815,7.59840,7.59805,7.59840
2022-10-07 10:08:00,7.59825,7.59910,7.59825,7.59900
2022-10-07 10:09:00,7.59905,7.59940,7.59890,7.59920
2022-10-07 10:10:00,7.59910,7.59950,7.59885,7.59950
2022-10-07 10:11:00,7.59930,7.59950,7.59915,7.59940
2022-10-07 10:12:00,7.59935,7.59935,7.59895,7.59910
2022-10-07 10:13:00,7.59900,7.59915,7.59885,7.59885
2022-10-07 10:14:00,7.59880,7.59880,7.59830,7.59830
2022-10-07 10:15:00,7.59825,7.59860,7.59810,7.59860
2022-10-07 10:16:00,7.59870,7.59880,7.59850,7.59860
2022-10-07 10:17:00,7.59850,7.59850,7.59800,7.59825
2022-10-07 10:18:00,7.59825,7.59825,7.59730,7.59740
2022-10-07 10:19:00,7.59765,7.59765,7.59705,7.59705
2022-10-07 10:20:00,7.59705,7.59720,7.59650,7.59650
2022-10-07 10:21:00,7.59645,7.59650,7.59605,7.59605
2022-10-07 10:22:00,7.59620,7.59620,7.59525,7.59525
2022-10-07 10:23:00,7.59520,7.59530,7.59520,7.59525
2022-10-07 10:24:00,7.59495,7.59495,7.59495,7.59495
2022-10-07 10:25:00,7.59485,7.59500,7.59450,7.59455
2022-10-07 10:26:00,7.59445,7.59495,7.59445,7.59480
2022-10-07 10:27:00,7.59485,7.59510,7.59435,7.59450
2022-10-07 10:28:00,7.59455,7.59465,7.59420,7.59420
2022-10-07 10:29:00,7.59420,7.59430,7.59410,7.59415
2022-10-07 10:30:00,7.59370,7.59395,7.59355,7.59390
2022-10-07 10:31:00,7.59375,7.59390,7.59340,7.59355
2022-10-07 10:32:00,7.59385,7.59390,7.59335,7.59390
2022-10-07 10:33:00,7.59445,7.59445,7.59340,7.59370
2022-10-07 10:34:00,7.59400,7.59445,7.59385,7.59415
2022-10-07 10:35:00,7.59410,7.59415,7.59375,7.59375
2022-10-07 10:36:00,7.59365,7.59375,7.59360,7.59360
2022-10-07 10:37:00,7.59375,7.59375,7.59330,7.59350
2022-10-07 10:38:00,7.59340,7.59440,7.59340,7.59440
2022-10-07 10:39:00,7.59415,7.59445,7.59390,7.59445
2022-10-07 10:40:00,7.59460,7.59520,7.59455,7.59490
2022-10-07 10:41:00,7.59495,7.59610,7.59495,7.59610
2022-10-07 10:42:00,7.59605,7.59690,7.59590,7.59655
2022-10-07 10:43:00,7.59660,7.59680,7.59625,7.59650
2022-10-07 10:44:00,7.59670,7.59700,7.59630,7.59630
2022-10-07 10:45:00,7.59655,7.59755,7.59655,7.59755
2022-10-07 10:46:00,7.59755,7.59825,7.59730,7.59825
2022-10-07 10:47:00,7.59870,7.59950,7.59860,7.59910
2022-10-07 10:48:00,7.59885,7.59925,7.59885,7.59910
2022-10-07 10:49:00,7.59920,7.60030,7.59920,7.60010
2022-10-07 10:50:00,7.60015,7.60070,7.59985,7.60060
2022-10-07 10:51:00,7.60060,7.60130,7.60060,7.60125
2022-10-07 10:52:00,7.60110,7.60110,7.59995,7.59995
2022-10-07 10:53:00,7.60010,7.60085,7.60010,7.60075
2022-10-07 10:54:00,7.60085,7.60095,7.60065,7.60080
2022-10-07 10:55:00,7.60050,7.60070,7.60020,7.60055
2022-10-07 10:56:00,7.60025,7.60050,7.59975,7.60015
2022-10-07 10:57:00,7.60020,7.60020,7.59985,7.59995
2022-10-07 10:58:00,7.59985,7.60010,7.59965,7.60000
2022-10-07 10:59:00,7.59975,7.60000,7.59930,7.59930
2022-10-07 11:00:00,7.59880,7.59880,7.59580,7.59725
2022-10-07 11:01:00,7.59630,7.59745,7.59630,7.59745
2022-10-07 11:02:00,7.59650,7.59660,7.59555,7.59555
2022-10-07 11:03:00,7.59565,7.59605,7.59480,7.59500
2022-10-07 11:04:00,7.59510,7.59600,7.59495,7.59590
2022-10-07 11:05:00,7.59670,7.59810,7.59670,7.59810
2022-10-07 11:06:00,7.59800,7.59895,7.59795,7.59860
2022-10-07 11:07:00,7.59865,7.59910,7.59865,7.59880
2022-10-07 11:08:00,7.59885,7.59885,7.59715,7.59720
2022-10-07 11:09:00,7.59720,7.59780,7.59710,7.59750
2022-10-07 11:10:00,7.59800,7.59840,7.59725,7.59840
2022-10-07 11:11:00,7.59920,7.59960,7.59870,7.59910
2022-10-07 11:12:00,7.59910,7.60130,7.59910,7.60130
2022-10-07 11:13:00,7.60100,7.60110,7.60005,7.60005
2022-10-07 11:14:00,7.60035,7.60035,7.59935,7.59935
2022-10-07 11:15:00,7.59930,7.59970,7.59925,7.59960
2022-10-07 11:16:00,7.59960,7.59960,7.59765,7.59820
2022-10-07 11:17:00,7.59820,7.59960,7.59810,7.59810
2022-10-07 11:18:00,7.59855,7.59995,7.59855,7.59960
2022-10-07 11:19:00,7.59995,7.59995,7.59890,7.59890
2022-10-07 11:20:00,7.59880,7.59880,7.59660,7.59660
2022-10-07 11:21:00,7.59670,7.59685,7.59545,7.59610
2022-10-07 11:22:00,7.59625,7.59655,7.59625,7.59650
2022-10-07 11:23:00,7.59665,7.59665,7.59600,7.59605
2022-10-07 11:24:00,7.59605,7.59615,7.59580,7.59590
2022-10-07 11:25:00,7.59550,7.59550,7.59285,7.59285
2022-10-07 11:26:00,7.59280,7.59480,7.59265,7.59430
2022-10-07 11:27:00,7.59390,7.59545,7.59390,7.59545
2022-10-07 11:28:00,7.59550,7.59550,7.59430,7.59470
2022-10-07 11:29:00,7.59495,7.59530,7.59470,7.59530
2022-10-07 11:30:00,7.59520,7.59520,7.59410,7.59465
2022-10-07 11:31:00,7.59505,7.59520,7.59420,7.59520
2022-10-07 11:32:00,7.59515,7.59530,7.59390,7.59450
2022-10-07 11:33:00,7.59435,7.59560,7.59435,7.59500
2022-10-07 11:34:00,7.59530,7.59580,7.59500,7.59500
2022-10-07 11:35:00,7.59535,7.59630,7.59495,7.59590
2022-10-07 11:36:00,7.59580,7.59595,7.59505,7.59535
2022-10-07 11:37:00,7.59530,7.59530,7.59510,7.59515
2022-10-07 11:38:00,7.59495,7.59530,7.59415,7.59430
2022-10-07 11:39:00,7.59425,7.59585,7.59425,7.59585
2022-10-07 11:40:00,7.59600,7.59655,7.59600,7.59650
2022-10-07 11:41:00,7.59630,7.59700,7.59630,7.59670
2022-10-07 11:42:00,7.59700,7.59755,7.59650,7.59755
2022-10-07 11:43:00,7.59765,7.59810,7.59705,7.59780
2022-10-07 11:44:00,7.59765,7.59800,7.59745,7.59745
2022-10-07 11:45:00,7.59730,7.59810,7.59705,7.59810
2022-10-07 11:46:00,7.59810,7.59980,7.59810,7.59915
2022-10-07 11:47:00,7.59910,7.59985,7.59910,7.59955
2022-10-07 11:48:00,7.59980,7.59980,7.59925,7.59930
2022-10-07 11:49:00,7.59930,7.59940,7.59865,7.59865
2022-10-07 11:50:00,7.59860,7.59875,7.59760,7.59760
2022-10-07 11:51:00,7.59785,7.59835,7.59720,7.59820
2022-10-07 11:52:00,7.59820,7.59820,7.59745,7.59775
2022-10-07 11:53:00,7.59760,7.59760,7.59435,7.59460
2022-10-07 11:54:00,7.59430,7.59520,7.59390,7.59450
2022-10-07 11:55:00,7.59500,7.59760,7.59500,7.59715
2022-10-07 11:56:00,7.59675,7.59675,7.59620,7.59670
2022-10-07 11:57:00,7.59675,7.59675,7.59575,7.59660
2022-10-07 11:58:00,7.59640,7.59750,7.59640,7.59650
2022-10-07 11:59:00,7.59630,7.59640,7.59580,7.59610
2022-10-07 12:00:00,7.59610,7.59720,7.59605,7.59710
2022-10-07 12:01:00,7.59730,7.59755,7.59705,7.59705
2022-10-07 12:02:00,7.59640,7.59640,7.59565,7.59625
2022-10-07 12:03:00,7.59640,7.59745,7.59630,7.59735
2022-10-07 12:04:00,7.59725,7.59745,7.59680,7.59680
2022-10-07 12:05:00,7.59740,7.59740,7.59660,7.59660
2022-10-07 12:06:00,7.59650,7.59650,7.59560,7.59615
2022-10-07 12:07:00,7.59610,7.59610,7.59495,7.59520
2022-10-07 12:08:00,7.59515,7.59530,7.59470,7.59530
2022-10-07 12:09:00,7.59530,7.59605,7.59520,7.59520
2022-10-07 12:10:00,7.59515,7.59545,7.59500,7.59535
2022-10-07 12:11:00,7.59595,7.59675,7.59580,7.59650
2022-10-07 12:12:00,7.59615,7.59690,7.59555,7.59575
2022-10-07 12:13:00,7.59585,7.59615,7.59540,7.59595
2022-10-07 12:14:00,7.59610,7.59715,7.59595,7.59710
2022-10-07 12:15:00,7.59680,7.59775,7.59680,7.59770
2022-10-07 12:16:00,7.59825,7.60095,7.59825,7.59950
2022-10-07 12:17:00,7.59955,7.60105,7.59950,7.60025
2022-10-07 12:18:00,7.60030,7.60030,7.59900,7.59900
2022-10-07 12:19:00,7.59890,7.59965,7.59890,7.59915
2022-10-07 12:20:00,7.59900,7.59900,7.59795,7.59800
2022-10-07 12:21:00,7.59800,7.59840,7.59800,7.59810
2022-10-07 12:22:00,7.59805,7.59805,7.59735,7.59740
2022-10-07 12:23:00,7.59640,7.59670,7.59630,7.59630
2022-10-07 12:24:00,7.59610,7.59610,7.59570,7.59595
2022-10-07 12:25:00,7.59565,7.59565,7.59470,7.59500
2022-10-07 12:26:00,7.59500,7.59555,7.59470,7.59470
2022-10-07 12:27:00,7.59445,7.59445,7.59160,7.59175
2022-10-07 12:28:00,7.59220,7.59360,7.59220,7.59360
2022-10-07 12:29:00,7.59420,7.59425,7.59355,7.59425
2022-10-07 12:30:00,7.59450,7.59535,7.59435,7.59535
2022-10-07 12:31:00,7.59515,7.59610,7.59435,7.59550
2022-10-07 12:32:00,7.59530,7.59650,7.59520,7.59650
2022-10-07 12:33:00,7.59685,7.59765,7.59685,7.59760
2022-10-07 12:34:00,7.59810,7.59890,7.59810,7.59855
2022-10-07 12:35:00,7.59815,7.59815,7.59585,7.59590
2022-10-07 12:36:00,7.59535,7.59575,7.59505,7.59515
2022-10-07 12:37:00,7.59510,7.59510,7.59300,7.59320
2022-10-07 12:38:00,7.59315,7.59380,7.59290,7.59305
2022-10-07 12:39:00,7.59290,7.59350,7.59270,7.59270
2022-10-07 12:40:00,7.59290,7.59310,7.59240,7.59250
2022-10-07 12:41:00,7.59260,7.59315,7.59245,7.59315
2022-10-07 12:42:00,7.59310,7.59435,7.59300,7.59380
2022-10-07 12:43:00,7.59400,7.59410,7.59255,7.59265
2022-10-07 12:44:00,7.59270,7.59270,7.59175,7.59250
2022-10-07 12:45:00,7.59260,7.59320,7.59220,7.59235
2022-10-07 12:46:00,7.59225,7.59260,7.59165,7.59175
2022-10-07 12:47:00,7.59180,7.59340,7.59180,7.59325
2022-10-07 12:48:00,7.59305,7.59315,7.59165,7.59245
2022-10-07 12:49:00,7.59260,7.59320,7.59260,7.59320
2022-10-07 12:50:00,7.59335,7.59420,7.59315,7.59395
2022-10-07 12:51:00,7.59405,7.59405,7.59380,7.59385
2022-10-07 12:52:00,7.59435,7.59540,7.59435,7.59535
2022-10-07 12:53:00,7.59540,7.59540,7.59445,7.59460
2022-10-07 12:54:00,7.59460,7.59460,7.59370,7.59385
2022-10-07 12:55:00,7.59455,7.59500,7.59455,7.59490
2022-10-07 12:56:00,7.59495,7.59545,7.59470,7.59545
2022-10-07 12:57:00,7.59500,7.59580,7.59340,7.59340
2022-10-07 12:58:00,7.59360,7.59360,7.59325,7.59345
2022-10-07 12:59:00,7.59340,7.59340,7.59230,7.59240
2022-10-07 13:00:00,7.59310,7.59380,7.59295,7.59380
2022-10-07 13:01:00,7.59385,7.59470,7.59385,7.59465
2022-10-07 13:02:00,7.59460,7.59490,7.59425,7.59425
2022-10-07 13:03:00,7.59430,7.59450,7.59420,7.59450
2022-10-07 13:04:00,7.59440,7.59440,7.59370,7.59400
2022-10-07 13:05:00,7.59390,7.59420,7.59315,7.59315
2022-10-07 13:06:00,7.59320,7.59425,7.59320,7.59425
2022-10-07 13:07:00,7.59430,7.59440,7.59355,7.59355
2022-10-07 13:08:00,7.59345,7.59385,7.59310,7.59375
2022-10-07 13:09:00,7.59395,7.59550,7.59395,7.59550
2022-10-07 13:10:00,7.59510,7.59510,7.59390,7.59390
2022-10-07 13:11:00,7.59420,7.59420,7.59300,7.59305
2022-10-07 13:12:00,7.59225,7.59225,7.59120,7.59180
2022-10-07 13:13:00,7.59160,7.59320,7.59160,7.59305
2022-10-07 13:14:00,7.59310,7.59310,7.59145,7.59145
2022-10-07 13:15:00,7.59090,7.59090,7.58920,7.58960
2022-10-07 13:16:00,7.58985,7.59000,7.58855,7.58855
2022-10-07 13:17:00,7.58885,7.58885,7.58820,7.58840
2022-10-07 13:18:00,7.58840,7.58840,7.58720,7.58720
2022-10-07 13:19:00,7.58785,7.58920,7.58760,7.58880
2022-10-07 13:20:00,7.58900,7.58980,7.58890,7.58975
2022-10-07 13:21:00,7.58970,7.59015,7.58970,7.58985
2022-10-07 13:22:00,7.58940,7.58940,7.58820,7.58865
2022-10-07 13:23:00,7.58840,7.58840,7.58770,7.58770
2022-10-07 13:24:00,7.58740,7.58805,7.58690,7.58805
2022-10-07 13:25:00,7.58800,7.58860,7.58800,7.58840
2022-10-07 13:26:00,7.58855,7.58910,7.58805,7.58805
2022-10-07 13:27:00,7.58815,7.58870,7.58795,7.58860
2022-10-07 13:28:00,7.58815,7.58955,7.58805,7.58955
2022-10-07 13:29:00,7.58950,7.59070,7.58950,7.59040
2022-10-07 13:30:00,7.59025,7.59025,7.58900,7.58900
2022-10-07 13:31:00,7.58920,7.58975,7.58885,7.58890
2022-10-07 13:32:00,7.58890,7.58905,7.58855,7.58855
2022-10-07 13:33:00,7.58870,7.58975,7.58860,7.58930
2022-10-07 13:34:00,7.58930,7.58940,7.58890,7.58940
2022-10-07 13:35:00,7.58925,7.58950,7.58800,7.58800
2022-10-07 13:36:00,7.58790,7.58860,7.58785,7.58800
2022-10-07 13:37:00,7.58795,7.58795,7.58705,7.58705
2022-10-07 13:38:00,7.58720,7.58720,7.58645,7.58645
2022-10-07 13:39:00,7.58625,7.58625,7.58550,7.58590
2022-10-07 13:40:00,7.58590,7.58625,7.58575,7.58620
2022-10-07 13:41:00,7.58615,7.58685,7.58595,7.58595
2022-10-07 13:42:00,7.58490,7.58500,7.58450,7.58455
2022-10-07 13:43:00,7.58460,7.58475,7.58380,7.58415
2022-10-07 13:44:00,7.58415,7.58420,7.58300,7.58300
2022-10-07 13:45:00,7.58345,7.58455,7.58330,7.58345
2022-10-07 13:46:00,7.58350,7.58360,7.58185,7.58185
2022-10-07 13:47:00,7.58190,7.58260,7.58190,7.58245
2022-10-07 13:48:00,7.58180,7.58265,7.58170,7.58260
2022-10-07 13:49:00,7.58270,7.58280,7.58250,7.58280
2022-10-07 13:50:00,7.58290,7.58420,7.58290,7.58420
2022-10-07 13:51:00,7.58415,7.58450,7.58410,7.58410
2022-10-07 13:52:00,7.58390,7.58435,7.58365,7.58435
2022-10-07 13:53:00,7.58405,7.58550,7.58405,7.58550
2022-10-07 13:54:00,7.58530,7.58530,7.58505,7.58520
2022-10-07 13:55:00,7.58520,7.58550,7.58520,7.58550
2022-10-07 13:56:00,7.58555,7.58555,7.58455,7.58455
2022-10-07 13:57:00,7.58465,7.58540,7.58450,7.58540
2022-10-07 13:58:00,7.58490,7.58500,7.58440,7.58480
2022-10-07 13:59:00,7.58470,7.58495,7.58430,7.58485
2022-10-07 14:00:00,7.58475,7.58475,7.58300,7.58330
2022-10-07 14:01:00,7.58340,7.58340,7.58220,7.58260
2022-10-07 14:02:00,7.58305,7.58355,7.58305,7.58350
2022-10-07 14:03:00,7.58360,7.58490,7.58345,7.58485
2022-10-07 14:04:00,7.58460,7.58460,7.58375,7.58380
2022-10-07 14:05:00,7.58375,7.58435,7.58345,7.58400
2022-10-07 14:06:00,7.58380,7.58380,7.58295,7.58330
2022-10-07 14:07:00,7.58305,7.58370,7.58305,7.58350
2022-10-07 14:08:00,7.58370,7.58470,7.58350,7.58470
2022-10-07 14:09:00,7.58465,7.58465,7.58405,7.58450
2022-10-07 14:10:00,7.58455,7.58455,7.58410,7.58430
2022-10-07 14:11:00,7.58440,7.58470,7.58340,7.58380
2022-10-07 14:12:00,7.58325,7.58370,7.58280,7.58300
2022-10-07 14:13:00,7.58260,7.58300,7.58195,7.58300
2022-10-07 14:14:00,7.58360,7.58450,7.58360,7.58450
2022-10-07 14:15:00,7.58455,7.58515,7.58400,7.58445
2022-10-07 14:16:00,7.58435,7.58435,7.58360,7.58380
2022-10-07 14:17:00,7.58370,7.58410,7.58350,7.58380
2022-10-07 14:18:00,7.58400,7.58540,7.58400,7.58485
2022-10-07 14:19:00,7.58480,7.58495,7.58465,7.58490
2022-10-07 14:20:00,7.58500,7.58500,7.58350,7.58350
2022-10-07 14:21:00,7.58355,7.58385,7.58315,7.58375
2022-10-07 14:22:00,7.58360,7.58470,7.58360,7.58455
2022-10-07 14:23:00,7.58450,7.58460,7.58430,7.58455
2022-10-07 14:24:00,7.58470,7.58505,7.58450,7.58505
2022-10-07 14:25:00,7.58500,7.58520,7.58475,7.58475
2022-10-07 14:26:00,7.58520,7.58610,7.58480,7.58610
2022-10-07 14:27:00,7.58615,7.58640,7.58595,7.58640
2022-10-07 14:28:00,7.58615,7.58725,7.58615,7.58705
2022-10-07 14:29:00,7.58710,7.58740,7.58700,7.58740
2022-10-07 14:30:00,7.58730,7.58780,7.58730,7.58735
2022-10-07 14:31:00,7.58730,7.58795,7.58730,7.58770
2022-10-07 14:32:00,7.58740,7.58780,7.58720,7.58730
2022-10-07 14:33:00,7.58760,7.58830,7.58730,7.58770
2022-10-07 14:34:00,7.58770,7.58910,7.58770,7.58910
2022-10-07 14:35:00,7.58910,7.58910,7.58770,7.58775
2022-10-07 14:36:00,7.58770,7.58770,7.58695,7.58745
2022-10-07 14:37:00,7.58745,7.58825,7.58740,7.58825
2022-10-07 14:38:00,7.58870,7.58870,7.58695,7.58695
2022-10-07 14:39:00,7.58625,7.58640,7.58570,7.58570
2022-10-07 14:40:00,7.58580,7.58580,7.58480,7.58485
2022-10-07 14:41:00,7.58455,7.58480,7.58420,7.58470
2022-10-07 14:42:00,7.58465,7.58465,7.58420,7.58450
2022-10-07 14:43:00,7.58450,7.58475,7.58435,7.58435
2022-10-07 14:44:00,7.58430,7.58490,7.58430,7.58490
2022-10-07 14:45:00,7.58510,7.58595,7.58510,7.58590
2022-10-07 14:46:00,7.58590,7.58630,7.58565,7.58565
2022-10-07 14:47:00,7.58535,7.58550,7.58465,7.58465
2022-10-07 14:48:00,7.58450,7.58490,7.58450,7.58490
2022-10-07 14:49:00,7.58510,7.58525,7.58485,7.58490
2022-10-07 14:50:00,7.58490,7.58490,7.58390,7.58390
2022-10-07 14:51:00,7.58410,7.58465,7.58390,7.58395
2022-10-07 14:52:00,7.58405,7.58445,7.58405,7.58420
2022-10-07 14:53:00,7.58410,7.58495,7.58410,7.58490
2022-10-07 14:54:00,7.58485,7.58515,7.58430,7.58430
2022-10-07 14:55:00,7.58440,7.58520,7.58440,7.58520
2022-10-07 14:56:00,7.58610,7.58630,7.58570,7.58600
2022-10-07 14:57:00,7.58610,7.58640,7.58600,7.58625
2022-10-07 14:58:00,7.58630,7.58670,7.58595,7.58670
2022-10-07 14:59:00,7.58695,7.58705,7.58695,7.58700
2022-10-07 15:00:00,7.58710,7.58785,7.58675,7.58780
2022-10-07 15:01:00,7.58785,7.58790,7.58750,7.58755
2022-10-07 15:02:00,7.58760,7.58780,7.58745,7.58750
2022-10-07 15:03:00,7.58760,7.58790,7.58735,7.58780
2022-10-07 15:04:00,7.58760,7.58770,7.58750,7.58770
2022-10-07 15:05:00,7.58770,7.58780,7.58700,7.58700
2022-10-07 15:06:00,7.58710,7.58710,7.58535,7.58535
2022-10-07 15:07:00,7.58540,7.58575,7.58540,7.58550
2022-10-07 15:08:00,7.58555,7.58590,7.58525,7.58580
2022-10-07 15:09:00,7.58565,7.58590,7.58535,7.58590
2022-10-07 15:10:00,7.58600,7.58640,7.58580,7.58610
2022-10-07 15:11:00,7.58605,7.58680,7.58590,7.58680
2022-10-07 15:12:00,7.58640,7.58675,7.58620,7.58675
2022-10-07 15:13:00,7.58700,7.58720,7.58680,7.58690
2022-10-07 15:14:00,7.58710,7.58710,7.58675,7.58700
2022-10-07 15:15:00,7.58690,7.58700,7.58670,7.58670
2022-10-07 15:16:00,7.58680,7.58685,7.58655,7.58655
2022-10-07 15:17:00,7.58655,7.58820,7.58655,7.58810
2022-10-07 15:18:00,7.58820,7.58820,7.58705,7.58715
2022-10-07 15:19:00,7.58710,7.58760,7.58710,7.58760
2022-10-07 15:20:00,7.58760,7.58775,7.58685,7.58685
2022-10-07 15:21:00,7.58695,7.58795,7.58695,7.58790
2022-10-07 15:22:00,7.58780,7.58780,7.58760,7.58770
2022-10-07 15:23:00,7.58775,7.58775,7.58685,7.58690
2022-10-07 15:24:00,7.58695,7.58695,7.58665,7.58680
2022-10-07 15:25:00,7.58685,7.58760,7.58675,7.58750
2022-10-07 15:26:00,7.58765,7.58765,7.58720,7.58720
2022-10-07 15:27:00,7.58705,7.58755,7.58705,7.58755
2022-10-07 15:28:00,7.58795,7.58795,7.58750,7.58770
2022-10-07 15:29:00,7.58780,7.58800,7.58730,7.58730
2022-10-07 15:30:00,7.58740,7.58755,7.58740,7.58750
2022-10-07 15:31:00,7.58765,7.58780,7.58765,7.58780
2022-10-07 15:32:00,7.58760,7.58770,7.58640,7.58660
2022-10-07 15:33:00,7.58670,7.58930,7.58670,7.58915
2022-10-07 15:34:00,7.58850,7.58935,7.58850,7.58935
2022-10-07 15:35:00,7.58930,7.59000,7.58930,7.58970
2022-10-07 15:36:00,7.58950,7.58990,7.58950,7.58990
2022-10-07 15:37:00,7.59085,7.59120,7.59055,7.59105
2022-10-07 15:38:00,7.59090,7.59150,7.59090,7.59145
2022-10-07 15:39:00,7.59150,7.59220,7.59135,7.59220
2022-10-07 15:40:00,7.59220,7.59370,7.59220,7.59370
2022-10-07 15:41:00,7.59320,7.59415,7.59310,7.59340
2022-10-07 15:42:00,7.59330,7.59420,7.59310,7.59380
2022-10-07 15:43:00,7.59375,7.59395,7.59325,7.59340
2022-10-07 15:44:00,7.59355,7.59355,7.59220,7.59220
2022-10-07 15:45:00,7.59225,7.59225,7.59190,7.59190
2022-10-07 15:46:00,7.59215,7.59230,7.59140,7.59140
2022-10-07 15:47:00,7.59135,7.59145,7.59080,7.59090
2022-10-07 15:48:00,7.59065,7.59115,7.59065,7.59105
2022-10-07 15:49:00,7.59100,7.59185,7.59100,7.59180
2022-10-07 15:50:00,7.59180,7.59190,7.59180,7.59190
2022-10-07 15:51:00,7.59195,7.59290,7.59195,7.59260
2022-10-07 15:52:00,7.59245,7.59340,7.59245,7.59330
2022-10-07 15:53:00,7.59410,7.59450,7.59390,7.59425
2022-10-07 15:54:00,7.59420,7.59430,7.59370,7.59405
2022-10-07 15:55:00,7.59400,7.59400,7.59360,7.59385
2022-10-07 15:56:00,7.59375,7.59400,7.59365,7.59395
2022-10-07 15:57:00,7.59390,7.59535,7.59390,7.59535
2022-10-07 15:58:00,7.59535,7.59580,7.59510,7.59560
2022-10-07 15:59:00,7.59570,7.59720,7.59560,7.59710
2022-10-07 16:00:00,7.59630,7.59630,7.59520,7.59550
2022-10-07 16:01:00,7.59630,7.59650,7.59530,7.59535
2022-10-07 16:02:00,7.59520,7.59520,7.59490,7.59490
2022-10-07 16:03:00,7.59420,7.59480,7.59420,7.59475
2022-10-07 16:04:00,7.59450,7.59480,7.59395,7.59480
2022-10-07 16:05:00,7.59445,7.59470,7.59435,7.59440
2022-10-07 16:06:00,7.59430,7.59440,7.59370,7.59370
2022-10-07 16:07:00,7.59350,7.59360,7.59240,7.59280
2022-10-07 16:08:00,7.59325,7.59365,7.59325,7.59350
2022-10-07 16:09:00,7.59360,7.59360,7.59340,7.59340
2022-10-07 16:10:00,7.59310,7.59375,7.59310,7.59375
2022-10-07 16:11:00,7.59390,7.59400,7.59325,7.59360
2022-10-07 16:12:00,7.59320,7.59370,7.59230,7.59230
2022-10-07 16:13:00,7.59230,7.59295,7.59230,7.59295
2022-10-07 16:14:00,7.59280,7.59375,7.59280,7.59340
2022-10-07 16:15:00,7.59325,7.59355,7.59285,7.59295
2022-10-07 16:16:00,7.59290,7.59330,7.59270,7.59325
2022-10-07 16:17:00,7.59330,7.59330,7.59275,7.59285
2022-10-07 16:18:00,7.59300,7.59320,7.59245,7.59245
2022-10-07 16:19:00,7.59245,7.59310,7.59200,7.59295
2022-10-07 16:20:00,7.59300,7.59340,7.59265,7.59340
2022-10-07 16:21:00,7.59345,7.59345,7.59170,7.59310
2022-10-07 16:22:00,7.59320,7.59325,7.59250,7.59255
2022-10-07 16:23:00,7.59255,7.59270,7.59195,7.59230
2022-10-07 16:24:00,7.59265,7.59280,7.59135,7.59135
2022-10-07 16:25:00,7.59130,7.59145,7.59100,7.59140
2022-10-07 16:26:00,7.59165,7.59175,7.59165,7.59175
2022-10-07 16:27:00,7.59160,7.59200,7.59140,7.59150
2022-10-07 16:28:00,7.59115,7.59190,7.59115,7.59190
2022-10-07 16:29:00,7.59185,7.59185,7.59080,7.59130
2022-10-07 16:30:00,7.59180,7.59180,7.59040,7.59115
2022-10-07 16:31:00,7.59105,7.59130,7.59065,7.59080
2022-10-07 16:32:00,7.59100,7.59110,7.59025,7.59055
2022-10-07 16:33:00,7.59070,7.59095,7.59015,7.59030
2022-10-07 16:34:00,7.59010,7.59095,7.58970,7.59060
2022-10-07 16:35:00,7.59060,7.59060,7.59020,7.59020
2022-10-07 16:36:00,7.59010,7.59010,7.58970,7.58990
2022-10-07 16:37:00,7.59020,7.59060,7.59000,7.59030
2022-10-07 16:38:00,7.59025,7.59025,7.58895,7.58950
2022-10-07 16:39:00,7.58930,7.58940,7.58865,7.58920
2022-10-07 16:40:00,7.58890,7.58950,7.58890,7.58945
2022-10-07 16:41:00,7.58970,7.59015,7.58950,7.58955
2022-10-07 16:42:00,7.58940,7.58980,7.58895,7.58975
2022-10-07 16:43:00,7.58970,7.59050,7.58970,7.59015
2022-10-07 16:44:00,7.59010,7.59055,7.58990,7.59000
2022-10-07 16:45:00,7.59040,7.59070,7.58970,7.59070
2022-10-07 16:46:00,7.59025,7.59075,7.58970,7.59055
2022-10-07 16:47:00,7.59050,7.59060,7.58955,7.58955
2022-10-07 16:48:00,7.58970,7.59050,7.58970,7.58995
2022-10-07 16:50:00,7.59020,7.59020,7.58945,7.58970
2022-10-07 16:51:00,7.59000,7.59080,7.58990,7.59080
2022-10-07 16:52:00,7.59070,7.59100,7.59050,7.59080
2022-10-07 16:53:00,7.59040,7.59040,7.58900,7.58900
2022-10-07 16:54:00,7.58955,7.58985,7.58900,7.58900
2022-10-07 16:55:00,7.58935,7.58955,7.58840,7.58865
2022-10-07 16:56:00,7.58890,7.58890,7.58730,7.58805
2022-10-07 16:57:00,7.58835,7.58950,7.58810,7.58950
2022-10-07 16:58:00,7.58925,7.58990,7.58830,7.58970
2022-10-07 16:59:00,7.58980,7.59005,7.58940,7.58995
2022-10-07 17:00:00,7.59020,7.59310,7.59020,7.59260
2022-10-07 17:01:00,7.59130,7.59535,7.59130,7.59535
2022-10-07 17:02:00,7.59580,7.59590,7.59480,7.59565
2022-10-07 17:03:00,7.59530,7.59610,7.59475,7.59610
2022-10-07 17:04:00,7.59600,7.59760,7.59590,7.59760
2022-10-07 17:05:00,7.59770,7.59790,7.59660,7.59700
2022-10-07 17:06:00,7.59670,7.59670,7.59390,7.59410
2022-10-07 17:07:00,7.59390,7.59550,7.59300,7.59440
2022-10-07 17:08:00,7.59460,7.59460,7.59350,7.59360
2022-10-07 17:09:00,7.59360,7.59525,7.59360,7.59445
2022-10-07 17:10:00,7.59590,7.59730,7.59590,7.59715
2022-10-07 17:11:00,7.59740,7.59960,7.59670,7.59920
2022-10-07 17:12:00,7.59910,7.60130,7.59900,7.60130
2022-10-07 17:13:00,7.60070,7.60080,7.59950,7.60045
2022-10-07 17:14:00,7.60050,7.60265,7.60040,7.60265
2022-10-07 17:15:00,7.60320,7.60475,7.60280,7.60460
2022-10-07 17:16:00,7.60455,7.60455,7.60105,7.60305
2022-10-07 17:17:00,7.60120,7.60260,7.60110,7.60210
2022-10-07 17:18:00,7.60230,7.60340,7.60110,7.60115
2022-10-07 17:19:00,7.60210,7.60365,7.60190,7.60365
2022-10-07 17:20:00,7.60345,7.60430,7.60225,7.60430
2022-10-07 17:21:00,7.60435,7.60530,7.60435,7.60520
2022-10-07 17:22:00,7.60500,7.60720,7.60500,7.60590
2022-10-07 17:23:00,7.60540,7.60565,7.60380,7.60565
2022-10-07 17:24:00,7.60605,7.60895,7.60605,7.60895
2022-10-07 17:25:00,7.60935,7.60935,7.60785,7.60815
2022-10-07 17:26:00,7.60800,7.60970,7.60800,7.60860
2022-10-07 17:27:00,7.60870,7.60920,7.60770,7.60920
2022-10-07 17:28:00,7.60910,7.61210,7.60910,7.61180
2022-10-07 17:29:00,7.61055,7.61075,7.60840,7.60980
2022-10-07 17:30:00,7.61065,7.61065,7.60805,7.60820
2022-10-07 17:31:00,7.60875,7.61015,7.60850,7.60960
2022-10-07 17:32:00,7.60925,7.60995,7.60875,7.60920
2022-10-07 17:33:00,7.60920,7.60960,7.60850,7.60880
2022-10-07 17:34:00,7.60800,7.60935,7.60800,7.60875
2022-10-07 17:35:00,7.60930,7.61140,7.60930,7.61140
2022-10-07 17:36:00,7.61120,7.61180,7.60930,7.61030
2022-10-07 17:37:00,7.60955,7.61180,7.60930,7.61170
2022-10-07 17:38:00,7.61150,7.61200,7.61090,7.61160
2022-10-07 17:39:00,7.61195,7.61510,7.61195,7.61410
2022-10-07 17:40:00,7.61380,7.61525,7.61270,7.61490
2022-10-07 17:41:00,7.61520,7.61535,7.61360,7.61455
2022-10-07 17:42:00,7.61530,7.61530,7.61300,7.61300
2022-10-07 17:43:00,7.61160,7.61245,7.61160,7.61195
2022-10-07 17:44:00,7.61245,7.61485,7.61190,7.61450
2022-10-07 17:45:00,7.61370,7.61430,7.61240,7.61390
2022-10-07 17:46:00,7.61320,7.61480,7.61310,7.61345
2022-10-07 17:47:00,7.61340,7.61490,7.61340,7.61490
2022-10-07 17:48:00,7.61520,7.61550,7.61450,7.61540
2022-10-07 17:49:00,7.61510,7.61710,7.61440,7.61630
2022-10-07 17:50:00,7.61645,7.61645,7.61300,7.61320
2022-10-07 17:51:00,7.61260,7.61260,7.61080,7.61080
2022-10-07 17:52:00,7.61090,7.61090,7.60980,7.61070
2022-10-07 17:53:00,7.61010,7.61140,7.60920,7.61000
2022-10-07 17:54:00,7.61050,7.61085,7.60900,7.60940
2022-10-07 17:55:00,7.60950,7.60980,7.60830,7.60900
2022-10-07 17:56:00,7.60990,7.61040,7.60805,7.60805
2022-10-07 17:57:00,7.60820,7.60930,7.60780,7.60930
2022-10-07 17:58:00,7.60900,7.60950,7.60780,7.60790
2022-10-07 17:59:00,7.60830,7.60865,7.60500,7.60500
2022-10-07 18:00:00,7.60400,7.60485,7.60110,7.60110
2022-10-07 18:01:00,7.60150,7.60160,7.60030,7.60030
2022-10-07 18:02:00,7.60050,7.60170,7.60015,7.60035
2022-10-07 18:03:00,7.60080,7.60190,7.59960,7.60125
2022-10-07 18:04:00,7.59990,7.60290,7.59950,7.60265
2022-10-07 18:05:00,7.60180,7.60310,7.60090,7.60250
2022-10-07 18:06:00,7.60240,7.60280,7.60140,7.60280
2022-10-07 18:07:00,7.60350,7.60350,7.60285,7.60285
2022-10-07 18:08:00,7.60305,7.60335,7.60110,7.60270
2022-10-07 18:09:00,7.60220,7.60220,7.59740,7.59740
2022-10-07 18:10:00,7.59770,7.60010,7.59770,7.59930
2022-10-07 18:11:00,7.59920,7.60200,7.59920,7.60110
2022-10-07 18:12:00,7.59985,7.60170,7.59910,7.60080
2022-10-07 18:13:00,7.59960,7.59960,7.59830,7.59880
2022-10-07 18:14:00,7.59920,7.60030,7.59820,7.59840
2022-10-07 18:15:00,7.59880,7.59970,7.59770,7.59970
2022-10-07 18:16:00,7.60080,7.60105,7.59775,7.59775
2022-10-07 18:17:00,7.59815,7.59935,7.59815,7.59935
2022-10-07 18:18:00,7.59690,7.59780,7.59640,7.59640
2022-10-07 18:19:00,7.59600,7.59600,7.59360,7.59430
2022-10-07 18:20:00,7.59520,7.59530,7.59450,7.59530
2022-10-07 18:21:00,7.59540,7.59570,7.59360,7.59360
2022-10-07 18:22:00,7.59480,7.59480,7.59255,7.59290
2022-10-07 18:23:00,7.59350,7.59400,7.59230,7.59230
2022-10-07 18:24:00,7.59320,7.59320,7.59190,7.59225
2022-10-07 18:25:00,7.59230,7.59330,7.59200,7.59225
2022-10-07 18:26:00,7.59240,7.59280,7.59165,7.59220
2022-10-07 18:27:00,7.59210,7.59295,7.59175,7.59295
2022-10-07 18:28:00,7.59360,7.59360,7.59080,7.59190
2022-10-07 18:29:00,7.59160,7.59350,7.59160,7.59350
2022-10-07 18:30:00,7.59420,7.59440,7.59295,7.59340
2022-10-07 18:31:00,7.59355,7.59355,7.59140,7.59140
2022-10-07 18:32:00,7.59250,7.59360,7.59170,7.59240
2022-10-07 18:33:00,7.59220,7.59290,7.59100,7.59120
2022-10-07 18:34:00,7.59285,7.59285,7.59100,7.59195
2022-10-07 18:35:00,7.59150,7.59265,7.59070,7.59100
2022-10-07 18:36:00,7.59100,7.59170,7.58980,7.59010
2022-10-07 18:37:00,7.59020,7.59130,7.59020,7.59065
2022-10-07 18:38:00,7.59080,7.59115,7.58940,7.59065
2022-10-07 18:39:00,7.58880,7.58880,7.58410,7.58410
2022-10-07 18:40:00,7.58425,7.58830,7.58390,7.58720
2022-10-07 18:41:00,7.58815,7.58950,7.58815,7.58860
2022-10-07 18:42:00,7.58875,7.58950,7.58835,7.58835
2022-10-07 18:43:00,7.58800,7.58950,7.58555,7.58950
2022-10-07 18:44:00,7.59130,7.59130,7.58995,7.58995
2022-10-07 18:45:00,7.58990,7.59190,7.58955,7.59160
2022-10-07 18:46:00,7.59080,7.59270,7.59065,7.59270
2022-10-07 18:47:00,7.59265,7.59290,7.59130,7.59230
2022-10-07 18:48:00,7.59160,7.59185,7.59050,7.59150
2022-10-07 18:49:00,7.59085,7.59100,7.59000,7.59000
2022-10-07 18:50:00,7.59020,7.59020,7.58940,7.58965
2022-10-07 18:51:00,7.59155,7.59155,7.58890,7.58935
2022-10-07 18:52:00,7.58940,7.59050,7.58900,7.59025
2022-10-07 18:53:00,7.59075,7.59075,7.58900,7.58900
2022-10-07 18:54:00,7.58560,7.58620,7.58465,7.58465
2022-10-07 18:55:00,7.58545,7.58725,7.58490,7.58635
2022-10-07 18:56:00,7.58650,7.58790,7.58640,7.58790
2022-10-07 18:57:00,7.58845,7.59035,7.58845,7.58940
2022-10-07 18:58:00,7.59090,7.59260,7.59080,7.59155
2022-10-07 18:59:00,7.59140,7.59190,7.59050,7.59170
2022-10-07 19:00:00,7.59150,7.59240,7.59120,7.59120
2022-10-07 19:01:00,7.59105,7.59270,7.59090,7.59130
2022-10-07 19:02:00,7.59130,7.59550,7.59130,7.59540
2022-10-07 19:03:00,7.59400,7.59560,7.59260,7.59260
2022-10-07 19:04:00,7.59250,7.59250,7.58960,7.59100
2022-10-07 19:05:00,7.59080,7.59390,7.59080,7.59390
2022-10-07 19:06:00,7.59260,7.59290,7.58975,7.59180
2022-10-07 19:07:00,7.59180,7.59260,7.59180,7.59220
2022-10-07 19:08:00,7.59220,7.59330,7.59160,7.59210
2022-10-07 19:09:00,7.59200,7.59280,7.59070,7.59085
2022-10-07 19:10:00,7.59030,7.59240,7.59030,7.59065
2022-10-07 19:11:00,7.59110,7.59110,7.58970,7.58990
2022-10-07 19:12:00,7.59050,7.59120,7.58780,7.58820
2022-10-07 19:13:00,7.58830,7.58830,7.58735,7.58735
2022-10-07 19:14:00,7.58760,7.58820,7.58495,7.58555
2022-10-07 19:15:00,7.58630,7.58760,7.58525,7.58580
2022-10-07 19:16:00,7.58450,7.58450,7.58370,7.58370
2022-10-07 19:17:00,7.58350,7.58470,7.58145,7.58470
2022-10-07 19:18:00,7.58500,7.58530,7.58390,7.58490
2022-10-07 19:19:00,7.58485,7.58560,7.58450,7.58540
2022-10-07 19:20:00,7.58525,7.58540,7.58380,7.58425
2022-10-07 19:21:00,7.58440,7.58440,7.57985,7.57985
2022-10-07 19:22:00,7.58240,7.58430,7.58160,7.58180
2022-10-07 19:23:00,7.58250,7.58375,7.58210,7.58220
2022-10-07 19:24:00,7.58170,7.58230,7.58015,7.58140
2022-10-07 19:25:00,7.58185,7.58185,7.58040,7.58060
2022-10-07 19:26:00,7.58090,7.58230,7.57955,7.57955
2022-10-07 19:27:00,7.57920,7.58180,7.57845,7.58080
2022-10-07 19:28:00,7.58095,7.58105,7.57965,7.58000
2022-10-07 19:29:00,7.57920,7.58090,7.57920,7.58020
2022-10-07 19:30:00,7.58090,7.58090,7.57850,7.57870
2022-10-07 19:31:00,7.58090,7.58180,7.58020,7.58180
2022-10-07 19:32:00,7.58210,7.58210,7.58100,7.58160
2022-10-07 19:33:00,7.58140,7.58140,7.57940,7.57945
2022-10-07 19:34:00,7.58010,7.58020,7.57900,7.57950
2022-10-07 19:35:00,7.58050,7.58150,7.58050,7.58080
2022-10-07 19:36:00,7.57970,7.57970,7.57770,7.57820
2022-10-07 19:37:00,7.57880,7.58000,7.57825,7.58000
2022-10-07 19:38:00,7.58040,7.58130,7.57780,7.57830
2022-10-07 19:39:00,7.57785,7.58020,7.57785,7.57860
2022-10-07 19:40:00,7.58010,7.58190,7.57910,7.58190
2022-10-07 19:41:00,7.58210,7.58260,7.58180,7.58240
2022-10-07 19:42:00,7.58210,7.58285,7.58125,7.58220
2022-10-07 19:43:00,7.58175,7.58330,7.58175,7.58330
2022-10-07 19:44:00,7.58315,7.58320,7.58230,7.58270
2022-10-07 19:45:00,7.58280,7.58420,7.58260,7.58400
2022-10-07 19:46:00,7.58395,7.58470,7.58300,7.58370
2022-10-07 19:47:00,7.58320,7.58370,7.58300,7.58360
2022-10-07 19:48:00,7.58350,7.58370,7.58230,7.58245
2022-10-07 19:49:00,7.58250,7.58330,7.58160,7.58190
2022-10-07 19:50:00,7.58210,7.58290,7.58160,7.58290
2022-10-07 19:51:00,7.58135,7.58320,7.58135,7.58220
2022-10-07 19:52:00,7.58235,7.58250,7.58130,7.58250
2022-10-07 19:53:00,7.58310,7.58335,7.58240,7.58335
2022-10-07 19:54:00,7.58410,7.58440,7.58340,7.58365
2022-10-07 19:55:00,7.58290,7.58470,7.58290,7.58470
2022-10-07 19:56:00,7.58420,7.58490,7.58400,7.58450
2022-10-07 19:57:00,7.58440,7.58690,7.58440,7.58610
2022-10-07 19:58:00,7.58620,7.58640,7.58600,7.58630
2022-10-07 19:59:00,7.58695,7.58900,7.58695,7.58900
2022-10-07 20:00:00,7.58850,7.58850,7.58690,7.58770
2022-10-07 20:01:00,7.58740,7.58830,7.58665,7.58800
2022-10-07 20:02:00,7.58840,7.58840,7.58690,7.58690
2022-10-07 20:03:00,7.58700,7.58785,7.58595,7.58780
2022-10-07 20:04:00,7.58795,7.59065,7.58760,7.59020
2022-10-07 20:05:00,7.58900,7.59070,7.58900,7.59030
2022-10-07 20:06:00,7.59110,7.59265,7.59010,7.59150
2022-10-07 20:07:00,7.59190,7.59230,7.59065,7.59220
2022-10-07 20:08:00,7.59140,7.59230,7.59040,7.59155
2022-10-07 20:09:00,7.59220,7.59220,7.59075,7.59130
2022-10-07 20:10:00,7.59110,7.59435,7.59100,7.59380
2022-10-07 20:11:00,7.59370,7.59615,7.59350,7.59530
2022-10-07 20:12:00,7.59585,7.59585,7.59245,7.59365
2022-10-07 20:13:00,7.59350,7.59520,7.59350,7.59470
2022-10-07 20:14:00,7.59490,7.59490,7.59240,7.59250
2022-10-07 20:15:00,7.59270,7.59405,7.59215,7.59260
2022-10-07 20:16:00,7.59450,7.59450,7.59070,7.59070
2022-10-07 20:17:00,7.59065,7.59065,7.58935,7.58950
2022-10-07 20:18:00,7.58910,7.58910,7.58850,7.58865
2022-10-07 20:19:00,7.58940,7.59125,7.58910,7.59050
2022-10-07 20:20:00,7.59040,7.59085,7.58880,7.58880
2022-10-07 20:21:00,7.58900,7.58900,7.58780,7.58850
2022-10-07 20:22:00,7.58840,7.58840,7.58520,7.58520
2022-10-07 20:23:00,7.58480,7.58500,7.58380,7.58420
2022-10-07 20:24:00,7.58400,7.58660,7.58400,7.58535
2022-10-07 20:25:00,7.58555,7.58555,7.58470,7.58540
2022-10-07 20:26:00,7.58540,7.58560,7.58400,7.58410
2022-10-07 20:27:00,7.58400,7.58515,7.58260,7.58515
2022-10-07 20:28:00,7.58395,7.58420,7.58180,7.58315
2022-10-07 20:29:00,7.58325,7.58475,7.58230,7.58475
2022-10-07 20:30:00,7.58370,7.58480,7.58320,7.58470
2022-10-07 20:31:00,7.58375,7.58455,7.58265,7.58290
2022-10-07 20:32:00,7.58300,7.58485,7.58220,7.58485
2022-10-07 20:33:00,7.58440,7.58455,7.58350,7.58455
2022-10-07 20:34:00,7.58480,7.58490,7.58380,7.58470
2022-10-07 20:35:00,7.58500,7.58720,7.58500,7.58720
2022-10-07 20:36:00,7.58730,7.58790,7.58655,7.58750
2022-10-07 20:37:00,7.58780,7.58780,7.58780,7.58780
2022-10-07 20:38:00,7.58780,7.58780,7.58460,7.58530
2022-10-07 20:39:00,7.58300,7.58500,7.58215,7.58430
2022-10-07 20:40:00,7.58410,7.58660,7.58410,7.58660
2022-10-07 20:41:00,7.58670,7.58680,7.58480,7.58480
2022-10-07 20:42:00,7.58450,7.58685,7.58420,7.58590
2022-10-07 20:43:00,7.58530,7.58630,7.58520,7.58620
2022-10-07 20:44:00,7.58580,7.58840,7.58550,7.58840
2022-10-07 20:45:00,7.58835,7.59000,7.58835,7.59000
2022-10-07 20:46:00,7.58990,7.59000,7.58900,7.58980
2022-10-07 20:47:00,7.58945,7.59155,7.58920,7.59120
2022-10-07 20:48:00,7.59065,7.59065,7.58855,7.58855
2022-10-07 20:49:00,7.58900,7.59070,7.58840,7.58905
2022-10-07 20:50:00,7.58900,7.59010,7.58880,7.59000
2022-10-07 20:51:00,7.59000,7.59000,7.58735,7.58735
2022-10-07 20:52:00,7.58725,7.58960,7.58725,7.58960
2022-10-07 20:53:00,7.58985,7.58985,7.58820,7.58820
2022-10-07 20:54:00,7.58885,7.58910,7.58830,7.58910
2022-10-07 20:55:00,7.58980,7.59000,7.58680,7.58680
2022-10-07 20:56:00,7.58820,7.58820,7.58540,7.58540
2022-10-07 20:57:00,7.58585,7.58775,7.58585,7.58675
2022-10-07 20:58:00,7.58810,7.58810,7.58640,7.58645
2022-10-07 20:59:00,7.58610,7.58650,7.58550,7.58590
2022-10-07 21:00:00,7.58460,7.58695,7.58460,7.58560
2022-10-07 21:01:00,7.58540,7.58590,7.58395,7.58480
2022-10-07 21:02:00,7.58640,7.58730,7.58580,7.58730
2022-10-07 21:03:00,7.58750,7.58840,7.58700,7.58840
2022-10-07 21:04:00,7.58835,7.58875,7.58680,7.58875
2022-10-07 21:05:00,7.58870,7.58870,7.58640,7.58640
2022-10-07 21:06:00,7.58680,7.58680,7.58595,7.58640
2022-10-07 21:07:00,7.58700,7.58790,7.58690,7.58725
2022-10-07 21:08:00,7.58660,7.58910,7.58630,7.58910
2022-10-07 21:09:00,7.58920,7.58920,7.58740,7.58740
2022-10-07 21:10:00,7.58710,7.58810,7.58670,7.58775
2022-10-07 21:11:00,7.58810,7.58910,7.58760,7.58900
2022-10-07 21:12:00,7.58860,7.58940,7.58855,7.58910
2022-10-07 21:13:00,7.58910,7.58990,7.58910,7.58950
2022-10-07 21:14:00,7.58955,7.58955,7.58845,7.58920
2022-10-07 21:15:00,7.58900,7.58990,7.58890,7.58990
2022-10-07 21:16:00,7.59010,7.59340,7.59010,7.59340
2022-10-07 21:17:00,7.59280,7.59310,7.59190,7.59310
2022-10-07 21:18:00,7.59380,7.59380,7.59275,7.59275
2022-10-07 21:19:00,7.59380,7.59380,7.59145,7.59145
2022-10-07 21:20:00,7.59175,7.59375,7.59130,7.59190
2022-10-07 21:21:00,7.59160,7.59355,7.59160,7.59190
2022-10-07 21:22:00,7.59275,7.59275,7.59075,7.59190
2022-10-07 21:23:00,7.59000,7.59000,7.58795,7.58850
2022-10-07 21:24:00,7.58840,7.59115,7.58840,7.59115
2022-10-07 21:25:00,7.59040,7.59140,7.59030,7.59120
2022-10-07 21:26:00,7.59060,7.59100,7.58840,7.58920
2022-10-07 21:27:00,7.58930,7.59000,7.58740,7.58745
2022-10-07 21:28:00,7.58720,7.58780,7.58650,7.58770
2022-10-07 21:29:00,7.58770,7.58885,7.58745,7.58760
2022-10-07 21:30:00,7.58830,7.59390,7.58830,7.59150
2022-10-07 21:31:00,7.59110,7.59290,7.59110,7.59290
2022-10-07 21:32:00,7.59290,7.59375,7.59220,7.59245
2022-10-07 21:33:00,7.59260,7.59260,7.59120,7.59140
2022-10-07 21:34:00,7.59260,7.59275,7.58750,7.59275
2022-10-07 21:35:00,7.59195,7.59355,7.59120,7.59290
2022-10-07 21:36:00,7.59310,7.59380,7.59150,7.59170
2022-10-07 21:37:00,7.59235,7.59265,7.59140,7.59160
2022-10-07 21:38:00,7.59200,7.59200,7.58980,7.58990
2022-10-07 21:39:00,7.59040,7.59195,7.58950,7.58950
2022-10-07 21:40:00,7.58930,7.59110,7.58900,7.59110
2022-10-07 21:41:00,7.59115,7.59135,7.59030,7.59050
2022-10-07 21:42:00,7.58980,7.59100,7.58900,7.59100
2022-10-07 21:43:00,7.58995,7.59280,7.58995,7.59230
2022-10-07 21:44:00,7.59225,7.59375,7.59225,7.59290
2022-10-07 21:45:00,7.59300,7.59340,7.59220,7.59220
2022-10-07 21:46:00,7.59250,7.59360,7.59100,7.59100
2022-10-07 21:47:00,7.59190,7.59315,7.59170,7.59180
2022-10-07 21:48:00,7.59250,7.59340,7.59230,7.59335
2022-10-07 21:49:00,7.59330,7.59330,7.59190,7.59300
2022-10-07 21:50:00,7.59305,7.59470,7.59270,7.59465
2022-10-07 21:51:00,7.59460,7.59670,7.59460,7.59595
2022-10-07 21:52:00,7.59530,7.59530,7.59280,7.59370
2022-10-07 21:53:00,7.59390,7.59520,7.59220,7.59260
2022-10-07 21:54:00,7.59350,7.59575,7.59350,7.59575
2022-10-07 21:55:00,7.59570,7.59610,7.59515,7.59515
2022-10-07 21:56:00,7.59490,7.59655,7.59490,7.59655
2022-10-07 21:57:00,7.59645,7.59645,7.59450,7.59560
2022-10-07 21:58:00,7.59530,7.59540,7.59370,7.59370
2022-10-07 21:59:00,7.59380,7.59560,7.59225,7.59225
2022-10-07 22:00:00,7.59250,7.59345,7.59250,7.59330
2022-10-07 22:01:00,7.59450,7.59450,7.59240,7.59240
2022-10-07 22:02:00,7.59300,7.59380,7.59220,7.59270
2022-10-07 22:03:00,7.59280,7.59315,7.59210,7.59210
2022-10-07 22:04:00,7.59185,7.59230,7.59100,7.59100
2022-10-07 22:05:00,7.59090,7.59090,7.58830,7.58830
2022-10-07 22:06:00,7.58905,7.58915,7.58820,7.58915
2022-10-07 22:07:00,7.58905,7.58980,7.58760,7.58980
2022-10-07 22:08:00,7.58815,7.58875,7.58750,7.58750
2022-10-07 22:09:00,7.58790,7.59015,7.58790,7.59015
2022-10-07 22:10:00,7.58950,7.58995,7.58900,7.58910
2022-10-07 22:11:00,7.58950,7.58985,7.58895,7.58910
2022-10-07 22:12:00,7.58860,7.59000,7.58860,7.58890
2022-10-07 22:13:00,7.58910,7.58940,7.58790,7.58820
2022-10-07 22:14:00,7.58725,7.58890,7.58700,7.58840
2022-10-07 22:15:00,7.58850,7.58860,7.58740,7.58740
2022-10-07 22:16:00,7.58760,7.58815,7.58710,7.58795
2022-10-07 22:17:00,7.58690,7.58810,7.58615,7.58630
2022-10-07 22:18:00,7.58680,7.58770,7.58680,7.58710
2022-10-07 22:19:00,7.58720,7.58850,7.58670,7.58850
2022-10-07 22:20:00,7.58840,7.58895,7.58715,7.58775
2022-10-07 22:21:00,7.58785,7.58825,7.58755,7.58810
2022-10-07 22:22:00,7.58785,7.58810,7.58740,7.58810
2022-10-07 22:23:00,7.58820,7.58950,7.58770,7.58900
2022-10-07 22:24:00,7.58895,7.59030,7.58815,7.59030
2022-10-07 22:25:00,7.59090,7.59190,7.59000,7.59150
2022-10-07 22:26:00,7.59130,7.59130,7.59030,7.59030
2022-10-07 22:27:00,7.59035,7.59270,7.59035,7.59270
2022-10-07 22:28:00,7.59260,7.59330,7.59210,7.59310
2022-10-07 22:29:00,7.59310,7.59310,7.59170,7.59260
2022-10-07 22:30:00,7.59185,7.59310,7.59185,7.59310
2022-10-07 22:31:00,7.59295,7.59315,7.58975,7.59010
2022-10-07 22:32:00,7.59020,7.59030,7.58780,7.58820
2022-10-07 22:33:00,7.58810,7.58920,7.58790,7.58895
2022-10-07 22:34:00,7.58880,7.59070,7.58880,7.59055
2022-10-07 22:35:00,7.59070,7.59350,7.59070,7.59320
2022-10-07 22:36:00,7.59360,7.59560,7.59295,7.59560
2022-10-07 22:37:00,7.59570,7.59570,7.59250,7.59325
2022-10-07 22:38:00,7.59330,7.59505,7.59300,7.59380
2022-10-07 22:39:00,7.59410,7.59480,7.59320,7.59320
2022-10-07 22:40:00,7.59295,7.59355,7.59280,7.59290
2022-10-07 22:41:00,7.59295,7.59420,7.59210,7.59315
2022-10-07 22:42:00,7.59210,7.59320,7.59210,7.59320
2022-10-07 22:43:00,7.59335,7.59335,7.59305,7.59310
2022-10-07 22:44:00,7.59390,7.59480,7.59295,7.59480
2022-10-07 22:45:00,7.59390,7.59490,7.59325,7.59490
2022-10-07 22:46:00,7.59460,7.59460,7.59280,7.59280
2022-10-07 22:47:00,7.59235,7.59370,7.59140,7.59245
2022-10-07 22:48:00,7.59215,7.59215,7.59150,7.59190
2022-10-07 22:49:00,7.59050,7.59210,7.59050,7.59115
2022-10-07 22:50:00,7.59000,7.59360,7.59000,7.59330
2022-10-07 22:51:00,7.59315,7.59460,7.59315,7.59400
2022-10-07 22:52:00,7.59380,7.59400,7.59315,7.59350
2022-10-07 22:53:00,7.59340,7.59555,7.59330,7.59550
2022-10-07 22:54:00,7.59530,7.59630,7.59480,7.59480
2022-10-07 22:55:00,7.59500,7.59550,7.59425,7.59550
2022-10-07 22:56:00,7.59550,7.59630,7.59505,7.59545
2022-10-07 22:57:00,7.59615,7.59925,7.59515,7.59925
2022-10-07 22:58:00,7.59880,7.59960,7.59840,7.59930
2022-10-07 22:59:00,7.59920,7.59990,7.59880,7.59950
2022-10-07 23:00:00,7.59880,7.59880,7.59580,7.59705
2022-10-07 23:01:00,7.59690,7.59690,7.59620,7.59655
2022-10-07 23:02:00,7.59820,7.59820,7.59610,7.59610
2022-10-07 23:03:00,7.59655,7.59660,7.59460,7.59460
2022-10-07 23:04:00,7.59430,7.59470,7.59340,7.59370
2022-10-07 23:05:00,7.59380,7.59475,7.59270,7.59475
2022-10-07 23:06:00,7.59400,7.59540,7.59330,7.59330
2022-10-07 23:07:00,7.59330,7.59495,7.59240,7.59490
2022-10-07 23:08:00,7.59485,7.59690,7.59485,7.59670
2022-10-07 23:09:00,7.59640,7.59690,7.59350,7.59430
2022-10-07 23:10:00,7.59485,7.59590,7.59470,7.59540
2022-10-07 23:11:00,7.59520,7.59720,7.59520,7.59690
2022-10-07 23:12:00,7.59675,7.59695,7.59360,7.59405
2022-10-07 23:13:00,7.59400,7.59470,7.59395,7.59395
2022-10-07 23:14:00,7.59470,7.59470,7.59250,7.59250
2022-10-07 23:15:00,7.59240,7.59240,7.59090,7.59145
2022-10-07 23:16:00,7.59180,7.59350,7.59160,7.59310
2022-10-07 23:17:00,7.59340,7.59450,7.59340,7.59440
2022-10-07 23:18:00,7.59505,7.59725,7.59505,7.59675
2022-10-07 23:19:00,7.59720,7.59750,7.59660,7.59745
2022-10-07 23:20:00,7.59810,7.59810,7.59455,7.59455
2022-10-07 23:21:00,7.59460,7.59540,7.59430,7.59500
2022-10-07 23:22:00,7.59565,7.59590,7.59490,7.59490
2022-10-07 23:23:00,7.59435,7.59520,7.59320,7.59515
2022-10-07 23:24:00,7.59300,7.59390,7.59280,7.59370
2022-10-07 23:25:00,7.59405,7.59435,7.59345,7.59435
2022-10-07 23:26:00,7.59200,7.59340,7.59170,7.59240
2022-10-07 23:27:00,7.59260,7.59450,7.59210,7.59290
2022-10-07 23:28:00,7.59340,7.59340,7.59130,7.59145
2022-10-07 23:29:00,7.59110,7.59110,7.58790,7.58790
2022-10-07 23:30:00,7.58790,7.62380,7.58730,7.61630
2022-10-07 23:31:00,7.61710,7.62320,7.61115,7.61660
2022-10-07 23:32:00,7.61670,7.62220,7.61630,7.62085
2022-10-07 23:33:00,7.62160,7.62160,7.61105,7.61105
2022-10-07 23:34:00,7.61230,7.61230,7.60690,7.60710
2022-10-07 23:35:00,7.60990,7.61915,7.60915,7.61915
2022-10-07 23:36:00,7.61740,7.62120,7.61520,7.62120
2022-10-07 23:37:00,7.62300,7.62430,7.62120,7.62430
2022-10-07 23:38:00,7.62510,7.62820,7.62510,7.62590
2022-10-07 23:39:00,7.62445,7.62445,7.62070,7.62080
2022-10-07 23:40:00,7.62150,7.62710,7.62150,7.62710
2022-10-07 23:41:00,7.62600,7.62600,7.62285,7.62480
2022-10-07 23:42:00,7.62460,7.62530,7.62065,7.62110
2022-10-07 23:43:00,7.62160,7.62240,7.61910,7.62005
2022-10-07 23:44:00,7.62100,7.62620,7.62065,7.62620
2022-10-07 23:45:00,7.62690,7.62740,7.62480,7.62640
2022-10-07 23:46:00,7.62740,7.63675,7.62740,7.63675
2022-10-07 23:47:00,7.63685,7.63685,7.63330,7.63330
2022-10-07 23:48:00,7.63350,7.63605,7.63300,7.63605
2022-10-07 23:49:00,7.63480,7.63940,7.63450,7.63900
2022-10-07 23:50:00,7.63910,7.64040,7.63790,7.64025
2022-10-07 23:51:00,7.63980,7.64760,7.63980,7.64630
2022-10-07 23:52:00,7.64550,7.64550,7.63440,7.63440
2022-10-07 23:53:00,7.63480,7.63640,7.63380,7.63610
2022-10-07 23:54:00,7.63790,7.64030,7.63770,7.64030
2022-10-07 23:55:00,7.63950,7.64375,7.63900,7.64150
2022-10-07 23:56:00,7.63930,7.63930,7.63450,7.63570
2022-10-07 23:57:00,7.63570,7.63660,7.63340,7.63340
2022-10-07 23:58:00,7.63340,7.63360,7.63030,7.63030
2022-10-07 23:59:00,7.63040,7.63040,7.62750,7.62870
