Datetime,Open,High,Low,Close
2022-10-06 00:00:00,20.04310,20.04310,20.03625,20.03625
2022-10-06 00:01:00,20.03530,20.03700,20.03070,20.03605
2022-10-06 00:02:00,20.03430,20.03685,20.03160,20.03600
2022-10-06 00:03:00,20.03410,20.03570,20.02920,20.03140
2022-10-06 00:04:00,20.03170,20.03185,20.02900,20.03055
2022-10-06 00:05:00,20.03030,20.03050,20.02700,20.02785
2022-10-06 00:06:00,20.02800,20.02990,20.02370,20.02935
2022-10-06 00:07:00,20.02860,20.03420,20.02860,20.03335
2022-10-06 00:08:00,20.03420,20.04150,20.03350,20.04025
2022-10-06 00:09:00,20.04060,20.04120,20.03600,20.03705
2022-10-06 00:10:00,20.03800,20.04460,20.03555,20.04050
2022-10-06 00:11:00,20.04190,20.04190,20.03595,20.03950
2022-10-06 00:12:00,20.04080,20.04100,20.03550,20.03990
2022-10-06 00:13:00,20.03990,20.05230,20.03970,20.05170
2022-10-06 00:14:00,20.05170,20.05620,20.04850,20.05555
2022-10-06 00:15:00,20.05620,20.05720,20.05240,20.05415
2022-10-06 00:16:00,20.05320,20.05790,20.05275,20.05405
2022-10-06 00:17:00,20.05410,20.05420,20.05040,20.05285
2022-10-06 00:18:00,20.05340,20.06180,20.05290,20.06150
2022-10-06 00:19:00,20.06170,20.06430,20.05680,20.05765
2022-10-06 00:20:00,20.05700,20.06180,20.05590,20.05780
2022-10-06 00:21:00,20.05660,20.05750,20.05300,20.05565
2022-10-06 00:22:00,20.05510,20.05850,20.05390,20.05845
2022-10-06 00:23:00,20.05850,20.05905,20.05690,20.05870
2022-10-06 00:24:00,20.05840,20.06710,20.05750,20.06670
2022-10-06 00:25:00,20.06690,20.06690,20.06050,20.06215
2022-10-06 00:26:00,20.06170,20.06690,20.06020,20.06465
2022-10-06 00:27:00,20.06460,20.06580,20.06140,20.06555
2022-10-06 00:28:00,20.06730,20.06950,20.06560,20.06685
2022-10-06 00:29:00,20.06820,20.07200,20.06690,20.06990
2022-10-06 00:30:00,20.07010,20.07350,20.06970,20.07315
2022-10-06 00:31:00,20.07370,20.07740,20.06650,20.06875
2022-10-06 00:32:00,20.06950,20.07690,20.06730,20.07585
2022-10-06 00:33:00,20.07310,20.07630,20.07050,20.07050
2022-10-06 00:34:00,20.07110,20.07750,20.07105,20.07390
2022-10-06 00:35:00,20.07310,20.07740,20.06860,20.07635
2022-10-06 00:36:00,20.07720,20.07740,20.07240,20.07480
2022-10-06 00:37:00,20.07500,20.08150,20.07160,20.07995
2022-10-06 00:38:00,20.08000,20.08335,20.07720,20.07785
2022-10-06 00:39:00,20.07710,20.08270,20.07520,20.07740
2022-10-06 00:40:00,20.07800,20.08400,20.07620,20.08315
2022-10-06 00:41:00,20.08270,20.08870,20.08210,20.08770
2022-10-06 00:42:00,20.08930,20.09770,20.08870,20.09735
2022-10-06 00:43:00,20.09710,20.10040,20.09550,20.09730
2022-10-06 00:44:00,20.09750,20.09750,20.08850,20.09205
2022-10-06 00:45:00,20.09300,20.09990,20.09260,20.09980
2022-10-06 00:46:00,20.09810,20.11050,20.09810,20.10900
2022-10-06 00:47:00,20.10910,20.11600,20.10825,20.11325
2022-10-06 00:48:00,20.11440,20.12320,20.11250,20.11790
2022-10-06 00:49:00,20.11760,20.12890,20.11400,20.12675
2022-10-06 00:50:00,20.12680,20.12770,20.12170,20.12205
2022-10-06 00:51:00,20.12390,20.12420,20.11310,20.11440
2022-10-06 00:52:00,20.11330,20.11485,20.10800,20.11415
2022-10-06 00:53:00,20.11500,20.11500,20.11110,20.11250
2022-10-06 00:54:00,20.11380,20.11500,20.10680,20.11080
2022-10-06 00:55:00,20.11010,20.11205,20.10150,20.10450
2022-10-06 00:56:00,20.10440,20.10440,20.09880,20.09930
2022-10-06 00:57:00,20.09880,20.10065,20.09640,20.09640
2022-10-06 00:58:00,20.09650,20.09725,20.08870,20.08930
2022-10-06 00:59:00,20.08870,20.09310,20.08770,20.09250
2022-10-06 01:00:00,20.09840,20.12280,20.09200,20.12250
2022-10-06 01:01:00,20.12180,20.13200,20.11510,20.12760
2022-10-06 01:02:00,20.12810,20.13210,20.12460,20.12650
2022-10-06 01:03:00,20.12940,20.13190,20.12410,20.12880
2022-10-06 01:04:00,20.13130,20.14180,20.13090,20.13980
2022-10-06 01:05:00,20.14010,20.14340,20.13840,20.13885
2022-10-06 01:06:00,20.13640,20.13990,20.12550,20.12850
2022-10-06 01:07:00,20.12720,20.12810,20.11360,20.11640
2022-10-06 01:08:00,20.11650,20.12550,20.11650,20.12320
2022-10-06 01:09:00,20.12210,20.12390,20.11570,20.11800
2022-10-06 01:10:00,20.11910,20.12600,20.11820,20.12515
2022-10-06 01:11:00,20.12620,20.12790,20.11850,20.12735
2022-10-06 01:12:00,20.12790,20.12790,20.11705,20.12615
2022-10-06 01:13:00,20.12680,20.12770,20.11230,20.11430
2022-10-06 01:14:00,20.11400,20.12245,20.11270,20.11780
2022-10-06 01:15:00,20.11800,20.12610,20.11800,20.12550
2022-10-06 01:16:00,20.12710,20.12850,20.12040,20.12515
2022-10-06 01:17:00,20.12410,20.12935,20.12320,20.12820
2022-10-06 01:18:00,20.12830,20.13310,20.12530,20.13220
2022-10-06 01:19:00,20.13150,20.14310,20.13070,20.14060
2022-10-06 01:20:00,20.14140,20.14510,20.13390,20.13640
2022-10-06 01:21:00,20.13560,20.14130,20.13430,20.13770
2022-10-06 01:22:00,20.13790,20.13950,20.13150,20.13395
2022-10-06 01:23:00,20.13300,20.14080,20.12850,20.14060
2022-10-06 01:24:00,20.14050,20.14700,20.13905,20.14065
2022-10-06 01:25:00,20.14140,20.14570,20.14030,20.14095
2022-10-06 01:26:00,20.14060,20.14710,20.14060,20.14645
2022-10-06 01:27:00,20.14630,20.14800,20.14570,20.14785
2022-10-06 01:28:00,20.14770,20.14865,20.14250,20.14330
2022-10-06 01:29:00,20.14310,20.14610,20.14070,20.14275
2022-10-06 01:30:00,20.14250,20.14570,20.13600,20.14025
2022-10-06 01:31:00,20.14070,20.14165,20.13950,20.13950
2022-10-06 01:32:00,20.13990,20.14860,20.13950,20.14555
2022-10-06 01:33:00,20.14520,20.14520,20.14200,20.14300
2022-10-06 01:34:00,20.14260,20.14780,20.14100,20.14590
2022-10-06 01:35:00,20.14650,20.14890,20.14500,20.14755
2022-10-06 01:36:00,20.14760,20.14860,20.14265,20.14400
2022-10-06 01:37:00,20.14360,20.14650,20.14105,20.14520
2022-10-06 01:38:00,20.14440,20.14490,20.13570,20.13675
2022-10-06 01:39:00,20.13600,20.13730,20.13220,20.13305
2022-10-06 01:40:00,20.13430,20.14110,20.13340,20.14110
2022-10-06 01:41:00,20.14180,20.14180,20.12770,20.12830
2022-10-06 01:42:00,20.12850,20.13180,20.12635,20.13060
2022-10-06 01:43:00,20.12980,20.13820,20.12960,20.13710
2022-10-06 01:44:00,20.13700,20.13920,20.13220,20.13800
2022-10-06 01:45:00,20.13750,20.13900,20.13410,20.13590
2022-10-06 01:46:00,20.13600,20.13750,20.13335,20.13350
2022-10-06 01:47:00,20.13350,20.13600,20.12650,20.12975
2022-10-06 01:48:00,20.12940,20.13790,20.12830,20.13560
2022-10-06 01:49:00,20.13560,20.13620,20.13340,20.13450
2022-10-06 01:50:00,20.13540,20.14185,20.13430,20.13620
2022-10-06 01:51:00,20.13640,20.14080,20.13600,20.14065
2022-10-06 01:52:00,20.13990,20.14600,20.13950,20.14550
2022-10-06 01:53:00,20.14520,20.14590,20.14120,20.14505
2022-10-06 01:54:00,20.14610,20.14900,20.14610,20.14865
2022-10-06 01:55:00,20.14860,20.15530,20.14860,20.15200
2022-10-06 01:56:00,20.15000,20.15230,20.14435,20.14435
2022-10-06 01:57:00,20.14440,20.14850,20.14350,20.14350
2022-10-06 01:58:00,20.14350,20.14460,20.13570,20.13670
2022-10-06 01:59:00,20.13660,20.13790,20.13440,20.13520
2022-10-06 02:00:00,20.13630,20.13950,20.13070,20.13205
2022-10-06 02:01:00,20.13210,20.13600,20.13110,20.13305
2022-10-06 02:02:00,20.13300,20.13430,20.12505,20.13340
2022-10-06 02:03:00,20.13335,20.14480,20.13280,20.14480
2022-10-06 02:04:00,20.14440,20.14440,20.13370,20.14150
2022-10-06 02:05:00,20.14100,20.14450,20.13900,20.14290
2022-10-06 02:06:00,20.14260,20.14950,20.14250,20.14750
2022-10-06 02:07:00,20.14760,20.15265,20.14530,20.14710
2022-10-06 02:08:00,20.14720,20.14720,20.14050,20.14310
2022-10-06 02:09:00,20.14290,20.14800,20.14120,20.14540
2022-10-06 02:10:00,20.14520,20.14755,20.14460,20.14670
2022-10-06 02:11:00,20.14610,20.14725,20.13180,20.13180
2022-10-06 02:12:00,20.13170,20.13975,20.13170,20.13900
2022-10-06 02:13:00,20.13950,20.14005,20.13430,20.13790
2022-10-06 02:14:00,20.13910,20.14245,20.13490,20.14070
2022-10-06 02:15:00,20.14010,20.14295,20.12700,20.12700
2022-10-06 02:16:00,20.12810,20.13305,20.12730,20.13070
2022-10-06 02:17:00,20.13050,20.13175,20.12410,20.13000
2022-10-06 02:18:00,20.12430,20.12950,20.12320,20.12645
2022-10-06 02:19:00,20.12690,20.12850,20.12270,20.12270
2022-10-06 02:20:00,20.12290,20.12530,20.12245,20.12385
2022-10-06 02:21:00,20.12420,20.12500,20.11610,20.11690
2022-10-06 02:22:00,20.11700,20.11900,20.11610,20.11630
2022-10-06 02:23:00,20.11650,20.12360,20.11570,20.12270
2022-10-06 02:24:00,20.12210,20.12340,20.11720,20.11810
2022-10-06 02:25:00,20.11870,20.12420,20.11735,20.12300
2022-10-06 02:26:00,20.12360,20.12390,20.11850,20.11985
2022-10-06 02:27:00,20.12020,20.12660,20.12020,20.12660
2022-10-06 02:28:00,20.12640,20.12900,20.12605,20.12830
2022-10-06 02:29:00,20.12830,20.12830,20.11970,20.12020
2022-10-06 02:30:00,20.11960,20.12125,20.11810,20.11850
2022-10-06 02:31:00,20.11870,20.11870,20.11340,20.11690
2022-10-06 02:32:00,20.11700,20.11905,20.11310,20.11440
2022-10-06 02:33:00,20.11500,20.11815,20.11300,20.11570
2022-10-06 02:34:00,20.11590,20.12100,20.11430,20.12070
2022-10-06 02:35:00,20.12060,20.12280,20.11685,20.11695
2022-10-06 02:36:00,20.11760,20.11780,20.10895,20.11230
2022-10-06 02:37:00,20.11310,20.11440,20.10770,20.11100
2022-10-06 02:38:00,20.10960,20.11500,20.10950,20.11370
2022-10-06 02:39:00,20.11360,20.11400,20.10460,20.10780
2022-10-06 02:40:00,20.10730,20.11160,20.10610,20.10970
2022-10-06 02:41:00,20.11040,20.11065,20.10580,20.10910
2022-10-06 02:42:00,20.11000,20.11000,20.10450,20.10850
2022-10-06 02:43:00,20.10960,20.11050,20.10630,20.10970
2022-10-06 02:44:00,20.10970,20.11160,20.10890,20.10890
2022-10-06 02:45:00,20.10950,20.11080,20.10580,20.10715
2022-10-06 02:46:00,20.10670,20.10845,20.10460,20.10740
2022-10-06 02:47:00,20.10710,20.10870,20.10565,20.10800
2022-10-06 02:48:00,20.10780,20.10940,20.10410,20.10940
2022-10-06 02:49:00,20.10930,20.10940,20.10495,20.10670
2022-10-06 02:50:00,20.10570,20.10670,20.10450,20.10650
2022-10-06 02:51:00,20.10630,20.10960,20.10550,20.10950
2022-10-06 02:52:00,20.10930,20.11030,20.10685,20.11030
2022-10-06 02:53:00,20.11010,20.11060,20.10600,20.10600
2022-10-06 02:54:00,20.10630,20.11050,20.10345,20.10970
2022-10-06 02:55:00,20.10940,20.11360,20.10885,20.11340
2022-10-06 02:56:00,20.11285,20.11970,20.11285,20.11440
2022-10-06 02:57:00,20.11550,20.11850,20.11520,20.11740
2022-10-06 02:58:00,20.11700,20.11780,20.11510,20.11540
2022-10-06 02:59:00,20.11525,20.11650,20.10910,20.10950
2022-10-06 03:00:00,20.10890,20.11510,20.10890,20.11420
2022-10-06 03:01:00,20.11480,20.11810,20.11455,20.11780
2022-10-06 03:02:00,20.11830,20.12270,20.11830,20.12150
2022-10-06 03:03:00,20.12190,20.12290,20.11795,20.11890
2022-10-06 03:04:00,20.11870,20.12150,20.11800,20.12035
2022-10-06 03:05:00,20.12020,20.12060,20.11590,20.11740
2022-10-06 03:06:00,20.11740,20.11800,20.11460,20.11460
2022-10-06 03:07:00,20.11440,20.11785,20.11180,20.11180
2022-10-06 03:08:00,20.11200,20.11200,20.10350,20.10480
2022-10-06 03:09:00,20.10440,20.10585,20.10090,20.10175
2022-10-06 03:10:00,20.10160,20.10645,20.10140,20.10580
2022-10-06 03:11:00,20.10560,20.10560,20.10135,20.10165
2022-10-06 03:12:00,20.10150,20.10580,20.10140,20.10540
2022-10-06 03:13:00,20.10520,20.10620,20.10200,20.10275
2022-10-06 03:14:00,20.10220,20.10310,20.10110,20.10150
2022-10-06 03:15:00,20.10130,20.10300,20.09940,20.10280
2022-10-06 03:16:00,20.10260,20.10300,20.10100,20.10110
2022-10-06 03:17:00,20.10130,20.10220,20.10025,20.10105
2022-10-06 03:18:00,20.10090,20.10090,20.09550,20.09580
2022-10-06 03:19:00,20.09580,20.09925,20.09450,20.09840
2022-10-06 03:20:00,20.09840,20.09915,20.09340,20.09695
2022-10-06 03:21:00,20.09520,20.10365,20.09520,20.10150
2022-10-06 03:22:00,20.10200,20.10345,20.09970,20.10015
2022-10-06 03:23:00,20.10010,20.10105,20.09830,20.09840
2022-10-06 03:24:00,20.09870,20.09925,20.09230,20.09355
2022-10-06 03:25:00,20.09320,20.10155,20.09320,20.10140
2022-10-06 03:26:00,20.10120,20.10315,20.09770,20.10240
2022-10-06 03:27:00,20.10450,20.10465,20.10050,20.10235
2022-10-06 03:28:00,20.10220,20.10425,20.09945,20.10050
2022-10-06 03:29:00,20.10010,20.10165,20.09680,20.09765
2022-10-06 03:30:00,20.09700,20.10240,20.09700,20.10215
2022-10-06 03:31:00,20.10220,20.10300,20.09700,20.09805
2022-10-06 03:32:00,20.09790,20.10145,20.09790,20.09860
2022-10-06 03:33:00,20.09830,20.10100,20.09660,20.10015
2022-10-06 03:34:00,20.10110,20.10300,20.09940,20.10220
2022-10-06 03:35:00,20.10140,20.10540,20.10090,20.10165
2022-10-06 03:36:00,20.10180,20.10540,20.10030,20.10070
2022-10-06 03:37:00,20.10050,20.10300,20.09970,20.10200
2022-10-06 03:38:00,20.10120,20.10120,20.09620,20.09620
2022-10-06 03:39:00,20.09590,20.09845,20.09390,20.09845
2022-10-06 03:40:00,20.09730,20.09865,20.09620,20.09805
2022-10-06 03:41:00,20.09770,20.09810,20.09530,20.09680
2022-10-06 03:42:00,20.09730,20.09875,20.09530,20.09770
2022-10-06 03:43:00,20.09680,20.10115,20.09620,20.09735
2022-10-06 03:44:00,20.09640,20.09755,20.09560,20.09670
2022-10-06 03:45:00,20.09560,20.09825,20.09560,20.09710
2022-10-06 03:46:00,20.09710,20.09775,20.09280,20.09300
2022-10-06 03:47:00,20.09300,20.09375,20.09170,20.09230
2022-10-06 03:48:00,20.09260,20.09315,20.09170,20.09250
2022-10-06 03:49:00,20.09220,20.09220,20.08900,20.08990
2022-10-06 03:50:00,20.09000,20.09410,20.08950,20.09365
2022-10-06 03:51:00,20.09390,20.09670,20.09365,20.09580
2022-10-06 03:52:00,20.09600,20.09770,20.09560,20.09655
2022-10-06 03:53:00,20.09680,20.10130,20.09605,20.10070
2022-10-06 03:54:00,20.10110,20.10140,20.10005,20.10070
2022-10-06 03:55:00,20.10030,20.10160,20.10015,20.10120
2022-10-06 03:56:00,20.10030,20.10170,20.10030,20.10105
2022-10-06 03:57:00,20.10170,20.10180,20.09430,20.09640
2022-10-06 03:58:00,20.09640,20.09675,20.09540,20.09600
2022-10-06 03:59:00,20.09550,20.09635,20.09280,20.09600
2022-10-06 04:00:00,20.09620,20.09750,20.09550,20.09600
2022-10-06 04:01:00,20.09580,20.09580,20.09320,20.09380
2022-10-06 04:02:00,20.09410,20.09565,20.09320,20.09320
2022-10-06 04:03:00,20.09370,20.09370,20.08920,20.08925
2022-10-06 04:04:00,20.08980,20.09050,20.08810,20.08935
2022-10-06 04:05:00,20.08940,20.09050,20.08390,20.08400
2022-10-06 04:06:00,20.08420,20.08535,20.07900,20.08055
2022-10-06 04:07:00,20.08130,20.08550,20.07910,20.08510
2022-10-06 04:08:00,20.08530,20.08560,20.08425,20.08425
2022-10-06 04:09:00,20.08460,20.08700,20.08415,20.08700
2022-10-06 04:10:00,20.08690,20.08980,20.08595,20.08640
2022-10-06 04:11:00,20.08660,20.09280,20.08575,20.09190
2022-10-06 04:12:00,20.09170,20.09170,20.08900,20.09085
2022-10-06 04:13:00,20.09130,20.09130,20.08900,20.08990
2022-10-06 04:14:00,20.08980,20.09025,20.08850,20.08935
2022-10-06 04:15:00,20.08790,20.09100,20.08740,20.09060
2022-10-06 04:16:00,20.09060,20.09090,20.08125,20.08185
2022-10-06 04:17:00,20.08340,20.08390,20.08075,20.08140
2022-10-06 04:18:00,20.08120,20.08190,20.07950,20.08150
2022-10-06 04:19:00,20.08060,20.08100,20.07610,20.07680
2022-10-06 04:20:00,20.07670,20.07670,20.07230,20.07250
2022-10-06 04:21:00,20.07310,20.07385,20.07200,20.07275
2022-10-06 04:22:00,20.07160,20.07200,20.06770,20.06935
2022-10-06 04:23:00,20.06950,20.07300,20.06895,20.07250
2022-10-06 04:24:00,20.07220,20.07605,20.07220,20.07595
2022-10-06 04:25:00,20.07560,20.07590,20.06840,20.07080
2022-10-06 04:26:00,20.07050,20.07215,20.06650,20.06800
2022-10-06 04:27:00,20.06770,20.06925,20.06390,20.06700
2022-10-06 04:28:00,20.06690,20.06810,20.06320,20.06330
2022-10-06 04:29:00,20.06340,20.06495,20.06240,20.06330
2022-10-06 04:30:00,20.06385,20.06405,20.06050,20.06215
2022-10-06 04:31:00,20.06150,20.06500,20.06090,20.06500
2022-10-06 04:32:00,20.06485,20.06500,20.06160,20.06390
2022-10-06 04:33:00,20.06390,20.06560,20.06350,20.06480
2022-10-06 04:34:00,20.06505,20.06540,20.06200,20.06400
2022-10-06 04:35:00,20.06370,20.06475,20.06320,20.06435
2022-10-06 04:36:00,20.06370,20.06575,20.06340,20.06455
2022-10-06 04:37:00,20.06430,20.06520,20.06320,20.06495
2022-10-06 04:38:00,20.06490,20.06600,20.06370,20.06455
2022-10-06 04:39:00,20.06480,20.06500,20.06050,20.06125
2022-10-06 04:40:00,20.06090,20.06255,20.06050,20.06175
2022-10-06 04:41:00,20.06150,20.06580,20.06120,20.06415
2022-10-06 04:42:00,20.06300,20.06300,20.06040,20.06110
2022-10-06 04:43:00,20.06090,20.06145,20.05830,20.06005
2022-10-06 04:44:00,20.05900,20.06085,20.05900,20.06015
2022-10-06 04:45:00,20.05560,20.05720,20.05410,20.05475
2022-10-06 04:46:00,20.05470,20.05605,20.05040,20.05155
2022-10-06 04:47:00,20.05120,20.05235,20.05020,20.05150
2022-10-06 04:48:00,20.05120,20.05205,20.05000,20.05050
2022-10-06 04:49:00,20.05000,20.05000,20.04200,20.04800
2022-10-06 04:50:00,20.04720,20.05080,20.04640,20.04950
2022-10-06 04:51:00,20.05060,20.05640,20.05040,20.05545
2022-10-06 04:52:00,20.05390,20.05485,20.05040,20.05255
2022-10-06 04:53:00,20.05260,20.05320,20.04980,20.05025
2022-10-06 04:54:00,20.04990,20.05120,20.04900,20.05015
2022-10-06 04:55:00,20.05010,20.05080,20.04760,20.04795
2022-10-06 04:56:00,20.04800,20.05290,20.04700,20.05215
2022-10-06 04:57:00,20.05210,20.05850,20.05210,20.05745
2022-10-06 04:58:00,20.05810,20.06210,20.05695,20.06115
2022-10-06 04:59:00,20.06170,20.06170,20.05680,20.06000
2022-10-06 05:00:00,20.06070,20.06290,20.05880,20.06055
2022-10-06 05:01:00,20.05980,20.06080,20.05230,20.05280
2022-10-06 05:02:00,20.05290,20.05400,20.04960,20.05250
2022-10-06 05:03:00,20.05290,20.05340,20.05190,20.05315
2022-10-06 05:04:00,20.05260,20.05295,20.04800,20.04885
2022-10-06 05:05:00,20.04790,20.04905,20.04300,20.04320
2022-10-06 05:06:00,20.04340,20.05110,20.04315,20.04925
2022-10-06 05:07:00,20.04935,20.04935,20.04700,20.04770
2022-10-06 05:08:00,20.04800,20.05250,20.04740,20.05150
2022-10-06 05:09:00,20.05210,20.05660,20.05070,20.05490
2022-10-06 05:10:00,20.05510,20.05600,20.05215,20.05525
2022-10-06 05:11:00,20.05540,20.05550,20.04420,20.04420
2022-10-06 05:12:00,20.04500,20.05230,20.04305,20.05040
2022-10-06 05:13:00,20.05080,20.05250,20.04780,20.05180
2022-10-06 05:14:00,20.05150,20.05250,20.05095,20.05160
2022-10-06 05:15:00,20.05140,20.05225,20.05110,20.05160
2022-10-06 05:16:00,20.05140,20.05530,20.05100,20.05530
2022-10-06 05:17:00,20.05490,20.05770,20.05490,20.05510
2022-10-06 05:18:00,20.05320,20.05500,20.05170,20.05280
2022-10-06 05:19:00,20.05340,20.05680,20.05180,20.05640
2022-10-06 05:20:00,20.05660,20.06090,20.05660,20.05920
2022-10-06 05:21:00,20.05910,20.06060,20.05870,20.05870
2022-10-06 05:22:00,20.05895,20.06070,20.05870,20.05920
2022-10-06 05:23:00,20.05940,20.06100,20.05550,20.06020
2022-10-06 05:24:00,20.06000,20.06050,20.05595,20.05660
2022-10-06 05:25:00,20.05640,20.05735,20.05570,20.05625
2022-10-06 05:26:00,20.05640,20.06110,20.05615,20.06000
2022-10-06 05:27:00,20.06010,20.06220,20.05975,20.06150
2022-10-06 05:28:00,20.06090,20.06160,20.05800,20.06130
2022-10-06 05:29:00,20.06020,20.06090,20.05550,20.05970
2022-10-06 05:30:00,20.05960,20.06070,20.05620,20.05690
2022-10-06 05:31:00,20.05640,20.06090,20.05600,20.06070
2022-10-06 05:32:00,20.05990,20.06130,20.05600,20.05630
2022-10-06 05:33:00,20.05700,20.06020,20.05620,20.05920
2022-10-06 05:34:00,20.05980,20.06060,20.05600,20.06010
2022-10-06 05:35:00,20.06010,20.06150,20.05265,20.05380
2022-10-06 05:36:00,20.05310,20.05350,20.04680,20.04755
2022-10-06 05:37:00,20.04700,20.05025,20.04640,20.04880
2022-10-06 05:38:00,20.04890,20.04915,20.04570,20.04810
2022-10-06 05:39:00,20.04680,20.05395,20.04635,20.05195
2022-10-06 05:40:00,20.05140,20.05305,20.04960,20.05275
2022-10-06 05:41:00,20.05170,20.05245,20.04440,20.04750
2022-10-06 05:42:00,20.04780,20.04875,20.04270,20.04645
2022-10-06 05:43:00,20.04570,20.04665,20.04290,20.04355
2022-10-06 05:44:00,20.04250,20.04315,20.04080,20.04120
2022-10-06 05:45:00,20.04080,20.04185,20.04010,20.04185
2022-10-06 05:46:00,20.04100,20.04165,20.03540,20.03700
2022-10-06 05:47:00,20.03560,20.03625,20.03310,20.03535
2022-10-06 05:48:00,20.03540,20.03730,20.03350,20.03625
2022-10-06 05:49:00,20.03580,20.03795,20.03440,20.03500
2022-10-06 05:50:00,20.03460,20.03540,20.03350,20.03425
2022-10-06 05:51:00,20.03380,20.03665,20.03160,20.03190
2022-10-06 05:52:00,20.03180,20.03415,20.03050,20.03130
2022-10-06 05:53:00,20.03150,20.03460,20.03120,20.03400
2022-10-06 05:54:00,20.03460,20.03630,20.03370,20.03500
2022-10-06 05:55:00,20.03500,20.03500,20.03130,20.03460
2022-10-06 05:56:00,20.03420,20.03420,20.03030,20.03050
2022-10-06 05:57:00,20.03090,20.03945,20.03050,20.03830
2022-10-06 05:58:00,20.03890,20.04000,20.03480,20.03590
2022-10-06 05:59:00,20.03480,20.03520,20.02550,20.02660
2022-10-06 06:00:00,20.02680,20.02705,20.02130,20.02660
2022-10-06 06:01:00,20.02670,20.02815,20.02280,20.02300
2022-10-06 06:02:00,20.02380,20.02750,20.02280,20.02710
2022-10-06 06:03:00,20.02530,20.02770,20.02150,20.02770
2022-10-06 06:04:00,20.02710,20.02710,20.02070,20.02280
2022-10-06 06:05:00,20.02210,20.02640,20.02150,20.02600
2022-10-06 06:06:00,20.02640,20.02840,20.02620,20.02745
2022-10-06 06:07:00,20.02710,20.02855,20.02660,20.02855
2022-10-06 06:08:00,20.02810,20.02860,20.02280,20.02350
2022-10-06 06:09:00,20.02415,20.02695,20.02305,20.02695
2022-10-06 06:10:00,20.02690,20.02750,20.02550,20.02685
2022-10-06 06:11:00,20.02660,20.03170,20.02400,20.02400
2022-10-06 06:12:00,20.02370,20.02370,20.02110,20.02265
2022-10-06 06:13:00,20.02280,20.02295,20.02020,20.02020
2022-10-06 06:14:00,20.02100,20.02285,20.02060,20.02130
2022-10-06 06:15:00,20.02060,20.02200,20.02050,20.02100
2022-10-06 06:16:00,20.02070,20.02150,20.02000,20.02045
2022-10-06 06:17:00,20.02210,20.02210,20.01830,20.01905
2022-10-06 06:18:00,20.01870,20.01960,20.01830,20.01905
2022-10-06 06:19:00,20.01890,20.02390,20.01850,20.02305
2022-10-06 06:20:00,20.02390,20.02410,20.02020,20.02085
2022-10-06 06:21:00,20.02130,20.02240,20.01830,20.02225
2022-10-06 06:22:00,20.02260,20.02370,20.01900,20.01925
2022-10-06 06:23:00,20.01900,20.02300,20.01850,20.02195
2022-10-06 06:24:00,20.02170,20.02410,20.02170,20.02300
2022-10-06 06:25:00,20.02260,20.02770,20.02260,20.02730
2022-10-06 06:26:00,20.02670,20.02770,20.02370,20.02550
2022-10-06 06:27:00,20.02580,20.03045,20.02580,20.03010
2022-10-06 06:28:00,20.03010,20.03125,20.02580,20.02710
2022-10-06 06:29:00,20.02775,20.02820,20.02650,20.02760
2022-10-06 06:30:00,20.02780,20.02800,20.02345,20.02585
2022-10-06 06:31:00,20.02605,20.02605,20.02340,20.02390
2022-10-06 06:32:00,20.02410,20.02640,20.02400,20.02445
2022-10-06 06:33:00,20.02490,20.02680,20.02315,20.02605
2022-10-06 06:34:00,20.02620,20.02765,20.02560,20.02680
2022-10-06 06:35:00,20.02640,20.02850,20.02620,20.02755
2022-10-06 06:36:00,20.02790,20.02950,20.02580,20.02835
2022-10-06 06:37:00,20.02880,20.03240,20.02865,20.03235
2022-10-06 06:38:00,20.03250,20.03495,20.03220,20.03490
2022-10-06 06:39:00,20.03520,20.03930,20.03480,20.03605
2022-10-06 06:40:00,20.03670,20.04100,20.03670,20.03730
2022-10-06 06:41:00,20.03770,20.03925,20.03635,20.03885
2022-10-06 06:42:00,20.03850,20.04030,20.03610,20.03955
2022-10-06 06:43:00,20.04040,20.04080,20.03580,20.03885
2022-10-06 06:44:00,20.03780,20.03955,20.03520,20.03605
2022-10-06 06:45:00,20.03560,20.03560,20.02940,20.03005
2022-10-06 06:46:00,20.03080,20.03250,20.02900,20.03135
2022-10-06 06:47:00,20.03140,20.03600,20.02940,20.03600
2022-10-06 06:48:00,20.03500,20.03935,20.03500,20.03935
2022-10-06 06:49:00,20.03920,20.04055,20.03540,20.04055
2022-10-06 06:50:00,20.04250,20.05550,20.04250,20.05205
2022-10-06 06:51:00,20.05350,20.05750,20.05300,20.05715
2022-10-06 06:52:00,20.05730,20.05830,20.05470,20.05770
2022-10-06 06:53:00,20.05790,20.05790,20.05495,20.05700
2022-10-06 06:54:00,20.05725,20.05770,20.05570,20.05600
2022-10-06 06:55:00,20.05580,20.05790,20.05260,20.05330
2022-10-06 06:56:00,20.05380,20.05390,20.05275,20.05275
2022-10-06 06:57:00,20.05360,20.06010,20.05255,20.05700
2022-10-06 06:58:00,20.05710,20.06170,20.05600,20.06075
2022-10-06 06:59:00,20.06170,20.06560,20.06170,20.06350
2022-10-06 07:00:00,20.05750,20.05810,20.05565,20.05590
2022-10-06 07:01:00,20.05600,20.05730,20.05375,20.05490
2022-10-06 07:02:00,20.05490,20.05510,20.05150,20.05320
2022-10-06 07:03:00,20.05355,20.05620,20.05250,20.05300
2022-10-06 07:04:00,20.05400,20.05570,20.05295,20.05355
2022-10-06 07:05:00,20.05430,20.05560,20.05250,20.05445
2022-10-06 07:06:00,20.05410,20.05490,20.05290,20.05435
2022-10-06 07:07:00,20.05410,20.05440,20.05250,20.05345
2022-10-06 07:08:00,20.05310,20.05380,20.05185,20.05215
2022-10-06 07:09:00,20.05215,20.05260,20.04750,20.04890
2022-10-06 07:10:00,20.04875,20.05025,20.04820,20.04925
2022-10-06 07:11:00,20.04905,20.05150,20.04905,20.04985
2022-10-06 07:12:00,20.04930,20.05230,20.04880,20.05045
2022-10-06 07:13:00,20.05190,20.05400,20.05175,20.05320
2022-10-06 07:14:00,20.05265,20.05360,20.05265,20.05315
2022-10-06 07:15:00,20.05340,20.05400,20.05245,20.05350
2022-10-06 07:16:00,20.05340,20.05340,20.05225,20.05265
2022-10-06 07:17:00,20.05340,20.05360,20.05075,20.05255
2022-10-06 07:18:00,20.05300,20.05300,20.05095,20.05105
2022-10-06 07:19:00,20.05170,20.05260,20.05115,20.05115
2022-10-06 07:20:00,20.05220,20.05270,20.04865,20.04865
2022-10-06 07:21:00,20.05250,20.05260,20.04850,20.05075
2022-10-06 07:22:00,20.05170,20.05360,20.05035,20.05185
2022-10-06 07:23:00,20.05370,20.05680,20.05350,20.05595
2022-10-06 07:24:00,20.05595,20.05660,20.05525,20.05660
2022-10-06 07:25:00,20.05585,20.05770,20.05565,20.05735
2022-10-06 07:26:00,20.05770,20.05770,20.05600,20.05690
2022-10-06 07:27:00,20.05625,20.05735,20.05570,20.05665
2022-10-06 07:28:00,20.05680,20.05730,20.05525,20.05525
2022-10-06 07:29:00,20.05490,20.05810,20.05350,20.05700
2022-10-06 07:30:00,20.05720,20.05735,20.05670,20.05695
2022-10-06 07:31:00,20.05710,20.05750,20.05695,20.05715
2022-10-06 07:32:00,20.05715,20.05800,20.05500,20.05735
2022-10-06 07:33:00,20.05750,20.05810,20.05600,20.05710
2022-10-06 07:34:00,20.05770,20.05825,20.05600,20.05825
2022-10-06 07:35:00,20.05825,20.05850,20.05765,20.05775
2022-10-06 07:36:00,20.05775,20.06160,20.05775,20.06005
2022-10-06 07:37:00,20.06005,20.06160,20.05965,20.06035
2022-10-06 07:38:00,20.06100,20.06200,20.06005,20.06105
2022-10-06 07:39:00,20.06105,20.06160,20.06035,20.06035
2022-10-06 07:40:00,20.06110,20.06170,20.06035,20.06085
2022-10-06 07:41:00,20.06140,20.06240,20.06095,20.06225
2022-10-06 07:42:00,20.06235,20.06330,20.06185,20.06195
2022-10-06 07:43:00,20.06250,20.06390,20.06195,20.06305
2022-10-06 07:44:00,20.06340,20.06370,20.06295,20.06360
2022-10-06 07:45:00,20.06350,20.06370,20.06090,20.06195
2022-10-06 07:46:00,20.06210,20.06210,20.06085,20.06155
2022-10-06 07:47:00,20.06110,20.06170,20.06050,20.06135
2022-10-06 07:48:00,20.06110,20.06150,20.06070,20.06115
2022-10-06 07:49:00,20.06115,20.06160,20.06030,20.06110
2022-10-06 07:50:00,20.06105,20.06500,20.06105,20.06410
2022-10-06 07:51:00,20.06420,20.06435,20.06330,20.06375
2022-10-06 07:52:00,20.06370,20.06450,20.06300,20.06450
2022-10-06 07:53:00,20.06345,20.06400,20.06345,20.06355
2022-10-06 07:54:00,20.06370,20.06535,20.06370,20.06535
2022-10-06 07:55:00,20.06510,20.06550,20.06410,20.06500
2022-10-06 07:56:00,20.06420,20.06550,20.06420,20.06465
2022-10-06 07:57:00,20.06465,20.06640,20.06410,20.06580
2022-10-06 07:58:00,20.06550,20.06700,20.06400,20.06440
2022-10-06 07:59:00,20.06250,20.07500,20.06200,20.06850
2022-10-06 08:00:00,20.06850,20.06850,20.06850,20.06850
2022-10-06 08:01:00,20.06850,20.06850,20.06850,20.06850
2022-10-06 08:02:00,20.07160,20.07160,20.06850,20.06850
2022-10-06 08:03:00,20.06850,20.08040,20.06850,20.06950
2022-10-06 08:04:00,20.09300,20.09300,20.06950,20.06950
2022-10-06 08:05:00,20.07840,20.08400,20.07840,20.07850
2022-10-06 08:06:00,20.07500,20.08120,20.07410,20.07410
2022-10-06 08:07:00,20.07500,20.07500,20.07500,20.07500
2022-10-06 08:08:00,20.07500,20.07500,20.07290,20.07290
2022-10-06 08:09:00,20.07500,20.08100,20.07350,20.07350
2022-10-06 08:10:00,20.07350,20.08120,20.07350,20.07500
2022-10-06 08:11:00,20.07430,20.07500,20.07430,20.07500
2022-10-06 08:12:00,20.07400,20.07500,20.07400,20.07410
2022-10-06 08:13:00,20.07420,20.07500,20.07420,20.07500
2022-10-06 08:15:00,20.07500,20.08200,20.07500,20.07940
2022-10-06 08:16:00,20.07930,20.08120,20.07360,20.07500
2022-10-06 08:17:00,20.07500,20.07950,20.07280,20.07350
2022-10-06 08:18:00,20.07940,20.07940,20.07310,20.07350
2022-10-06 08:19:00,20.07350,20.07350,20.07220,20.07230
2022-10-06 08:20:00,20.07860,20.07980,20.07250,20.07500
2022-10-06 08:21:00,20.07500,20.08000,20.07420,20.07430
2022-10-06 08:22:00,20.07500,20.07500,20.07500,20.07500
2022-10-06 08:23:00,20.07440,20.07500,20.07420,20.07500
2022-10-06 08:24:00,20.07500,20.07500,20.07410,20.07430
2022-10-06 08:25:00,20.07500,20.08440,20.07500,20.08210
2022-10-06 08:26:00,20.08270,20.08450,20.07420,20.08300
2022-10-06 08:27:00,20.07960,20.07960,20.07370,20.07450
2022-10-06 08:28:00,20.07930,20.07930,20.07450,20.07450
2022-10-06 08:29:00,20.07480,20.07480,20.07430,20.07430
2022-10-06 08:30:00,20.07450,20.07450,20.07260,20.07340
2022-10-06 08:31:00,20.07450,20.07800,20.07230,20.07350
2022-10-06 08:32:00,20.07450,20.07790,20.07070,20.07750
2022-10-06 08:33:00,20.07740,20.07740,20.07050,20.07680
2022-10-06 08:34:00,20.07450,20.07670,20.07060,20.07640
2022-10-06 08:35:00,20.07130,20.07450,20.07090,20.07450
2022-10-06 08:36:00,20.07130,20.07130,20.07130,20.07130
2022-10-06 08:37:00,20.07450,20.07800,20.07120,20.07790
2022-10-06 08:38:00,20.07780,20.07790,20.07410,20.07450
2022-10-06 08:39:00,20.07450,20.07450,20.07360,20.07360
2022-10-06 08:40:00,20.07450,20.07800,20.07450,20.07800
2022-10-06 08:41:00,20.07350,20.07800,20.07350,20.07500
2022-10-06 08:42:00,20.07520,20.07520,20.07500,20.07500
2022-10-06 08:43:00,20.07500,20.07520,20.07500,20.07520
2022-10-06 08:44:00,20.07500,20.07500,20.07500,20.07500
2022-10-06 08:45:00,20.07410,20.07790,20.07330,20.07500
2022-10-06 08:46:00,20.07760,20.07770,20.07350,20.07500
2022-10-06 08:47:00,20.07500,20.07760,20.07420,20.07760
2022-10-06 08:48:00,20.07500,20.07770,20.07440,20.07770
2022-10-06 08:49:00,20.07500,20.07770,20.07250,20.07250
2022-10-06 08:50:00,20.07500,20.07760,20.07280,20.07680
2022-10-06 08:51:00,20.07500,20.07500,20.07220,20.07330
2022-10-06 08:52:00,20.07500,20.07690,20.07340,20.07340
2022-10-06 08:53:00,20.07500,20.07680,20.07330,20.07330
2022-10-06 08:54:00,20.07500,20.07500,20.07200,20.07200
2022-10-06 08:55:00,20.07500,20.07780,20.07330,20.07450
2022-10-06 08:56:00,20.07750,20.07750,20.07370,20.07500
2022-10-06 08:57:00,20.07720,20.07750,20.07320,20.07500
2022-10-06 08:58:00,20.07500,20.07690,20.07300,20.07300
2022-10-06 08:59:00,20.07500,20.07500,20.07310,20.07310
2022-10-06 09:00:00,20.07850,20.07910,20.07500,20.07550
2022-10-06 09:01:00,20.07890,20.08080,20.07500,20.08010
2022-10-06 09:02:00,20.08040,20.08040,20.07500,20.07700
2022-10-06 09:03:00,20.07800,20.08345,20.07450,20.08345
2022-10-06 09:04:00,20.08340,20.08365,20.08100,20.08300
2022-10-06 09:05:00,20.08100,20.08340,20.08100,20.08320
2022-10-06 09:06:00,20.08420,20.08420,20.08210,20.08355
2022-10-06 09:07:00,20.08355,20.08365,20.08080,20.08100
2022-10-06 09:08:00,20.08270,20.08280,20.07820,20.07820
2022-10-06 09:09:00,20.07970,20.08050,20.07780,20.08000
2022-10-06 09:10:00,20.07860,20.08040,20.07850,20.08000
2022-10-06 09:11:00,20.08000,20.08030,20.07780,20.08010
2022-10-06 09:12:00,20.08000,20.08020,20.07760,20.07800
2022-10-06 09:13:00,20.07860,20.07860,20.07600,20.07720
2022-10-06 09:14:00,20.07600,20.07780,20.07600,20.07625
2022-10-06 09:15:00,20.07740,20.07820,20.07600,20.07600
2022-10-06 09:16:00,20.07600,20.07740,20.07500,20.07660
2022-10-06 09:17:00,20.07560,20.07630,20.07460,20.07600
2022-10-06 09:18:00,20.07600,20.07600,20.07440,20.07495
2022-10-06 09:19:00,20.07495,20.07505,20.07205,20.07210
2022-10-06 09:20:00,20.07460,20.07595,20.07440,20.07515
2022-10-06 09:21:00,20.07515,20.07575,20.07440,20.07575
2022-10-06 09:22:00,20.07520,20.07700,20.07480,20.07650
2022-10-06 09:23:00,20.07460,20.07650,20.07210,20.07210
2022-10-06 09:24:00,20.07210,20.07380,20.07200,20.07200
2022-10-06 09:25:00,20.07200,20.07390,20.07200,20.07250
2022-10-06 09:26:00,20.07240,20.07270,20.07180,20.07210
2022-10-06 09:27:00,20.07290,20.07515,20.07180,20.07515
2022-10-06 09:28:00,20.07310,20.07545,20.07310,20.07545
2022-10-06 09:29:00,20.07350,20.07535,20.07350,20.07515
2022-10-06 09:30:00,20.07525,20.07525,20.07180,20.07210
2022-10-06 09:31:00,20.07240,20.07310,20.07200,20.07215
2022-10-06 09:32:00,20.07250,20.07545,20.07225,20.07525
2022-10-06 09:33:00,20.07390,20.07575,20.07215,20.07350
2022-10-06 09:34:00,20.07270,20.07350,20.07160,20.07200
2022-10-06 09:35:00,20.07330,20.07740,20.07200,20.07700
2022-10-06 09:36:00,20.07720,20.07800,20.07570,20.07700
2022-10-06 09:37:00,20.07590,20.07700,20.07560,20.07700
2022-10-06 09:38:00,20.07570,20.07700,20.07330,20.07535
2022-10-06 09:39:00,20.07010,20.07370,20.07010,20.07350
2022-10-06 09:40:00,20.07350,20.07450,20.07280,20.07450
2022-10-06 09:41:00,20.07420,20.07700,20.07320,20.07350
2022-10-06 09:42:00,20.07420,20.07480,20.07310,20.07350
2022-10-06 09:43:00,20.07420,20.07420,20.07280,20.07350
2022-10-06 09:44:00,20.07270,20.07390,20.07270,20.07350
2022-10-06 09:45:00,20.07350,20.07390,20.07030,20.07250
2022-10-06 09:46:00,20.07250,20.07250,20.06990,20.07200
2022-10-06 09:47:00,20.07030,20.07200,20.06670,20.06900
2022-10-06 09:48:00,20.06750,20.06900,20.06640,20.06900
2022-10-06 09:49:00,20.06670,20.06900,20.06670,20.06900
2022-10-06 09:50:00,20.06900,20.06900,20.06630,20.06730
2022-10-06 09:51:00,20.06730,20.06900,20.06690,20.06720
2022-10-06 09:52:00,20.06900,20.07050,20.06690,20.06720
2022-10-06 09:53:00,20.06670,20.06900,20.06610,20.06610
2022-10-06 09:54:00,20.06900,20.06900,20.06580,20.06710
2022-10-06 09:55:00,20.06900,20.06900,20.06580,20.06850
2022-10-06 09:56:00,20.06850,20.06900,20.06620,20.06900
2022-10-06 09:57:00,20.06600,20.06900,20.06600,20.06850
2022-10-06 09:58:00,20.06850,20.06900,20.06600,20.06900
2022-10-06 09:59:00,20.06780,20.07050,20.06640,20.06640
2022-10-06 10:00:00,20.06710,20.06780,20.06630,20.06780
2022-10-06 10:01:00,20.06730,20.06900,20.06600,20.06850
2022-10-06 10:02:00,20.06600,20.06930,20.06600,20.06900
2022-10-06 10:03:00,20.06940,20.06970,20.06750,20.06900
2022-10-06 10:04:00,20.06900,20.07050,20.06730,20.07050
2022-10-06 10:05:00,20.07040,20.07040,20.06730,20.06850
2022-10-06 10:06:00,20.06830,20.06860,20.06600,20.06655
2022-10-06 10:07:00,20.06655,20.06655,20.06560,20.06620
2022-10-06 10:08:00,20.06520,20.06750,20.06520,20.06635
2022-10-06 10:09:00,20.06800,20.06800,20.06410,20.06565
2022-10-06 10:10:00,20.06565,20.06620,20.06480,20.06525
2022-10-06 10:11:00,20.06480,20.06800,20.06470,20.06705
2022-10-06 10:12:00,20.06730,20.06735,20.06500,20.06535
2022-10-06 10:13:00,20.06520,20.06590,20.06480,20.06500
2022-10-06 10:14:00,20.06580,20.06750,20.06480,20.06750
2022-10-06 10:15:00,20.06690,20.06750,20.06500,20.06505
2022-10-06 10:16:00,20.06560,20.06620,20.06450,20.06450
2022-10-06 10:17:00,20.06550,20.06845,20.06490,20.06805
2022-10-06 10:18:00,20.06805,20.06805,20.06560,20.06790
2022-10-06 10:19:00,20.06790,20.06805,20.06520,20.06540
2022-10-06 10:20:00,20.06540,20.06795,20.06490,20.06535
2022-10-06 10:21:00,20.06690,20.06830,20.06560,20.06800
2022-10-06 10:22:00,20.06800,20.06800,20.06480,20.06535
2022-10-06 10:23:00,20.06510,20.06535,20.06480,20.06525
2022-10-06 10:24:00,20.06515,20.06750,20.06480,20.06665
2022-10-06 10:25:00,20.06580,20.06715,20.06520,20.06585
2022-10-06 10:26:00,20.06640,20.06640,20.06480,20.06525
2022-10-06 10:27:00,20.06525,20.06650,20.06480,20.06625
2022-10-06 10:28:00,20.06560,20.06640,20.06490,20.06595
2022-10-06 10:29:00,20.06520,20.06640,20.06520,20.06625
2022-10-06 10:30:00,20.06620,20.06660,20.06490,20.06595
2022-10-06 10:31:00,20.06490,20.06670,20.06470,20.06605
2022-10-06 10:32:00,20.06520,20.06630,20.06520,20.06595
2022-10-06 10:33:00,20.06595,20.06650,20.06270,20.06455
2022-10-06 10:34:00,20.06420,20.06650,20.06230,20.06385
2022-10-06 10:35:00,20.06385,20.06385,20.06260,20.06365
2022-10-06 10:36:00,20.06365,20.06385,20.06250,20.06335
2022-10-06 10:37:00,20.06335,20.06365,20.06270,20.06365
2022-10-06 10:38:00,20.06365,20.06365,20.05870,20.06000
2022-10-06 10:39:00,20.06000,20.06000,20.05860,20.05880
2022-10-06 10:40:00,20.06000,20.06000,20.05810,20.05850
2022-10-06 10:41:00,20.05810,20.06050,20.05810,20.06050
2022-10-06 10:42:00,20.06050,20.06050,20.05850,20.05870
2022-10-06 10:43:00,20.05940,20.06180,20.05870,20.06050
2022-10-06 10:44:00,20.05920,20.06050,20.05810,20.05855
2022-10-06 10:45:00,20.05865,20.05865,20.05790,20.05855
2022-10-06 10:46:00,20.05870,20.05870,20.05620,20.05650
2022-10-06 10:47:00,20.05630,20.05950,20.05490,20.05950
2022-10-06 10:48:00,20.05860,20.06000,20.05650,20.05650
2022-10-06 10:49:00,20.05740,20.05770,20.05650,20.05650
2022-10-06 10:50:00,20.05650,20.06000,20.05650,20.05800
2022-10-06 10:51:00,20.05730,20.05955,20.05650,20.05650
2022-10-06 10:52:00,20.05650,20.05680,20.05030,20.05030
2022-10-06 10:53:00,20.05140,20.05340,20.05030,20.05250
2022-10-06 10:54:00,20.05150,20.05250,20.04850,20.04900
2022-10-06 10:55:00,20.04900,20.04960,20.04900,20.04950
2022-10-06 10:56:00,20.04900,20.05250,20.04900,20.05250
2022-10-06 10:57:00,20.05080,20.05250,20.04900,20.05250
2022-10-06 10:58:00,20.05040,20.05200,20.04850,20.04900
2022-10-06 10:59:00,20.04900,20.04970,20.04870,20.04910
2022-10-06 11:00:00,20.05000,20.05250,20.05000,20.05250
2022-10-06 11:01:00,20.05250,20.05250,20.04900,20.05170
2022-10-06 11:02:00,20.05040,20.05250,20.04980,20.05250
2022-10-06 11:03:00,20.05250,20.05340,20.04900,20.04900
2022-10-06 11:04:00,20.04900,20.04980,20.04570,20.04685
2022-10-06 11:05:00,20.04680,20.05070,20.04590,20.04900
2022-10-06 11:06:00,20.04930,20.05100,20.04850,20.04850
2022-10-06 11:07:00,20.04940,20.05200,20.04850,20.05110
2022-10-06 11:08:00,20.05420,20.05600,20.05200,20.05250
2022-10-06 11:09:00,20.05290,20.05290,20.04850,20.04855
2022-10-06 11:10:00,20.04970,20.05090,20.04590,20.04650
2022-10-06 11:11:00,20.04500,20.04540,20.04160,20.04190
2022-10-06 11:12:00,20.04180,20.04245,20.03370,20.03370
2022-10-06 11:13:00,20.03330,20.03370,20.03240,20.03280
2022-10-06 11:14:00,20.03340,20.03535,20.03300,20.03300
2022-10-06 11:15:00,20.03300,20.03525,20.03270,20.03410
2022-10-06 11:16:00,20.03300,20.03330,20.02900,20.02900
2022-10-06 11:17:00,20.03030,20.03150,20.02820,20.02900
2022-10-06 11:18:00,20.03050,20.03070,20.02730,20.02810
2022-10-06 11:19:00,20.02710,20.02850,20.02470,20.02530
2022-10-06 11:20:00,20.02700,20.03220,20.02620,20.02750
2022-10-06 11:21:00,20.02990,20.03050,20.02750,20.02900
2022-10-06 11:22:00,20.03010,20.03140,20.02870,20.03070
2022-10-06 11:23:00,20.03080,20.03090,20.02750,20.03070
2022-10-06 11:24:00,20.03050,20.03220,20.02900,20.02900
2022-10-06 11:25:00,20.03000,20.03200,20.02780,20.02850
2022-10-06 11:26:00,20.02820,20.03150,20.02820,20.02900
2022-10-06 11:27:00,20.03030,20.03090,20.02900,20.02900
2022-10-06 11:28:00,20.02980,20.02990,20.02500,20.02865
2022-10-06 11:29:00,20.02960,20.02960,20.02295,20.02450
2022-10-06 11:30:00,20.02580,20.03340,20.02500,20.03220
2022-10-06 11:31:00,20.03160,20.03470,20.02805,20.03200
2022-10-06 11:32:00,20.03220,20.03360,20.03150,20.03250
2022-10-06 11:33:00,20.03240,20.03300,20.02900,20.03080
2022-10-06 11:34:00,20.03090,20.03560,20.02900,20.03300
2022-10-06 11:35:00,20.03520,20.03730,20.03300,20.03300
2022-10-06 11:36:00,20.03540,20.03950,20.03540,20.03700
2022-10-06 11:37:00,20.03920,20.03990,20.03690,20.03700
2022-10-06 11:38:00,20.03670,20.03780,20.03500,20.03505
2022-10-06 11:39:00,20.03590,20.03610,20.03300,20.03300
2022-10-06 11:40:00,20.03240,20.03300,20.03150,20.03250
2022-10-06 11:41:00,20.03200,20.03300,20.02510,20.02510
2022-10-06 11:42:00,20.02770,20.02900,20.02510,20.02860
2022-10-06 11:43:00,20.02860,20.02860,20.02260,20.02450
2022-10-06 11:44:00,20.02330,20.02720,20.02280,20.02500
2022-10-06 11:45:00,20.02560,20.02850,20.02360,20.02550
2022-10-06 11:46:00,20.02570,20.02900,20.02570,20.02865
2022-10-06 11:47:00,20.02760,20.02900,20.02500,20.02630
2022-10-06 11:48:00,20.02870,20.02950,20.02550,20.02945
2022-10-06 11:49:00,20.02840,20.02905,20.02430,20.02550
2022-10-06 11:50:00,20.02640,20.03140,20.02325,20.02400
2022-10-06 11:51:00,20.02600,20.03000,20.02400,20.02910
2022-10-06 11:52:00,20.02810,20.02990,20.02720,20.02830
2022-10-06 11:53:00,20.02950,20.03080,20.02730,20.03080
2022-10-06 11:54:00,20.02940,20.03540,20.02920,20.03460
2022-10-06 11:55:00,20.03560,20.03760,20.03350,20.03750
2022-10-06 11:56:00,20.03780,20.03970,20.03580,20.03775
2022-10-06 11:57:00,20.03960,20.04060,20.03845,20.03885
2022-10-06 11:58:00,20.04010,20.04020,20.03865,20.03875
2022-10-06 11:59:00,20.04010,20.04020,20.03865,20.03875
2022-10-06 12:00:00,20.03990,20.05110,20.03855,20.04975
2022-10-06 12:01:00,20.04780,20.04780,20.03980,20.04210
2022-10-06 12:02:00,20.04190,20.04270,20.03845,20.03950
2022-10-06 12:03:00,20.03865,20.04350,20.03865,20.04350
2022-10-06 12:04:00,20.04330,20.04350,20.03965,20.04340
2022-10-06 12:05:00,20.04155,20.04340,20.03875,20.03875
2022-10-06 12:06:00,20.03950,20.03970,20.03550,20.03665
2022-10-06 12:07:00,20.03780,20.03820,20.03550,20.03595
2022-10-06 12:08:00,20.03650,20.04310,20.03550,20.03950
2022-10-06 12:09:00,20.04340,20.04590,20.04200,20.04255
2022-10-06 12:10:00,20.04380,20.04700,20.04295,20.04525
2022-10-06 12:11:00,20.04720,20.05150,20.04555,20.05015
2022-10-06 12:12:00,20.05005,20.05170,20.04950,20.05035
2022-10-06 12:13:00,20.05035,20.05200,20.04850,20.05150
2022-10-06 12:14:00,20.05120,20.05170,20.04935,20.05160
2022-10-06 12:15:00,20.05150,20.05170,20.04780,20.04975
2022-10-06 12:16:00,20.05150,20.05190,20.04790,20.05015
2022-10-06 12:17:00,20.05150,20.05170,20.04600,20.04685
2022-10-06 12:18:00,20.04800,20.04800,20.04600,20.04655
2022-10-06 12:19:00,20.04740,20.04770,20.04400,20.04400
2022-10-06 12:20:00,20.04360,20.04440,20.04200,20.04420
2022-10-06 12:21:00,20.04325,20.04590,20.04145,20.04290
2022-10-06 12:22:00,20.04180,20.04680,20.04155,20.04680
2022-10-06 12:23:00,20.04930,20.05190,20.04800,20.04965
2022-10-06 12:24:00,20.05130,20.05570,20.04905,20.05570
2022-10-06 12:25:00,20.05560,20.05660,20.05305,20.05425
2022-10-06 12:26:00,20.05580,20.05660,20.05435,20.05640
2022-10-06 12:27:00,20.05560,20.05770,20.05295,20.05770
2022-10-06 12:28:00,20.05800,20.06070,20.05525,20.06020
2022-10-06 12:29:00,20.06090,20.06210,20.05905,20.06020
2022-10-06 12:30:00,20.06010,20.06330,20.05905,20.06280
2022-10-06 12:31:00,20.06115,20.06125,20.05515,20.05590
2022-10-06 12:32:00,20.05515,20.05600,20.04935,20.05290
2022-10-06 12:33:00,20.05310,20.05660,20.05040,20.05495
2022-10-06 12:34:00,20.05620,20.05620,20.04785,20.05020
2022-10-06 12:35:00,20.05000,20.05490,20.04945,20.05365
2022-10-06 12:36:00,20.05470,20.05850,20.05305,20.05600
2022-10-06 12:37:00,20.05700,20.05810,20.05535,20.05750
2022-10-06 12:38:00,20.05790,20.05940,20.05600,20.05665
2022-10-06 12:39:00,20.05820,20.05900,20.05600,20.05900
2022-10-06 12:40:00,20.05840,20.06300,20.05600,20.06300
2022-10-06 12:41:00,20.06300,20.06380,20.06125,20.06185
2022-10-06 12:42:00,20.06350,20.06630,20.06185,20.06400
2022-10-06 12:43:00,20.06460,20.06470,20.06000,20.06330
2022-10-06 12:44:00,20.06260,20.06330,20.06000,20.06145
2022-10-06 12:45:00,20.06330,20.06360,20.05505,20.05565
2022-10-06 12:46:00,20.05680,20.05880,20.05225,20.05600
2022-10-06 12:47:00,20.05560,20.05660,20.05200,20.05600
2022-10-06 12:48:00,20.05560,20.05870,20.05505,20.05695
2022-10-06 12:49:00,20.05810,20.05830,20.05200,20.05200
2022-10-06 12:50:00,20.05490,20.05490,20.05150,20.05325
2022-10-06 12:51:00,20.05280,20.05280,20.04325,20.04455
2022-10-06 12:52:00,20.04550,20.05040,20.04505,20.04915
2022-10-06 12:53:00,20.04950,20.05420,20.04840,20.05235
2022-10-06 12:54:00,20.05250,20.05470,20.05065,20.05335
2022-10-06 12:55:00,20.05510,20.05830,20.05250,20.05365
2022-10-06 12:56:00,20.05580,20.05960,20.05570,20.05795
2022-10-06 12:57:00,20.05940,20.05960,20.05400,20.05415
2022-10-06 12:58:00,20.05450,20.05580,20.05250,20.05445
2022-10-06 12:59:00,20.05510,20.05960,20.05510,20.05650
2022-10-06 13:00:00,20.05900,20.05940,20.05200,20.05445
2022-10-06 13:01:00,20.05390,20.05940,20.05000,20.05085
2022-10-06 13:02:00,20.05120,20.05490,20.04800,20.05250
2022-10-06 13:03:00,20.05340,20.05560,20.05040,20.05455
2022-10-06 13:04:00,20.05500,20.05600,20.05400,20.05400
2022-10-06 13:05:00,20.05560,20.05900,20.05340,20.05360
2022-10-06 13:06:00,20.05450,20.05560,20.04600,20.04705
2022-10-06 13:07:00,20.04740,20.05570,20.04740,20.05570
2022-10-06 13:08:00,20.05600,20.06050,20.05250,20.05890
2022-10-06 13:09:00,20.06020,20.06070,20.05600,20.05770
2022-10-06 13:10:00,20.05940,20.05940,20.05510,20.05645
2022-10-06 13:11:00,20.05530,20.05810,20.05280,20.05395
2022-10-06 13:12:00,20.05640,20.05940,20.05505,20.05650
2022-10-06 13:13:00,20.05940,20.06020,20.05650,20.05725
2022-10-06 13:14:00,20.05900,20.05980,20.05560,20.05745
2022-10-06 13:15:00,20.05790,20.06050,20.05655,20.05800
2022-10-06 13:16:00,20.05940,20.06260,20.05765,20.06100
2022-10-06 13:17:00,20.06070,20.06090,20.05650,20.05770
2022-10-06 13:18:00,20.05790,20.06070,20.05770,20.06050
2022-10-06 13:19:00,20.06040,20.06050,20.05650,20.05830
2022-10-06 13:20:00,20.05920,20.06050,20.05750,20.06020
2022-10-06 13:21:00,20.06010,20.06090,20.05900,20.06050
2022-10-06 13:22:00,20.06070,20.06070,20.05650,20.05815
2022-10-06 13:23:00,20.05815,20.06050,20.05650,20.05975
2022-10-06 13:24:00,20.06030,20.06340,20.05945,20.06125
2022-10-06 13:25:00,20.06300,20.06330,20.05650,20.05675
2022-10-06 13:26:00,20.05960,20.05980,20.05580,20.05835
2022-10-06 13:27:00,20.05880,20.06150,20.05875,20.06000
2022-10-06 13:28:00,20.06020,20.06050,20.05790,20.05790
2022-10-06 13:29:00,20.05870,20.06070,20.05770,20.05980
2022-10-06 13:30:00,20.06010,20.06300,20.05685,20.06050
2022-10-06 13:31:00,20.06240,20.06260,20.05975,20.06050
2022-10-06 13:32:00,20.06150,20.06170,20.05980,20.06040
2022-10-06 13:33:00,20.06050,20.06160,20.05965,20.06005
2022-10-06 13:34:00,20.06030,20.06050,20.05620,20.05620
2022-10-06 13:35:00,20.05580,20.05650,20.05560,20.05650
2022-10-06 13:36:00,20.05640,20.05960,20.05640,20.05940
2022-10-06 13:37:00,20.05940,20.05940,20.05650,20.05825
2022-10-06 13:38:00,20.05850,20.05940,20.05650,20.05820
2022-10-06 13:39:00,20.05830,20.05900,20.05650,20.05820
2022-10-06 13:40:00,20.05900,20.05900,20.05515,20.05515
2022-10-06 13:41:00,20.05570,20.05920,20.05250,20.05700
2022-10-06 13:42:00,20.05890,20.05960,20.05580,20.05640
2022-10-06 13:43:00,20.05645,20.05750,20.05520,20.05650
2022-10-06 13:44:00,20.05770,20.05920,20.05640,20.05920
2022-10-06 13:45:00,20.05700,20.05810,20.05530,20.05650
2022-10-06 13:46:00,20.05600,20.05830,20.05560,20.05685
2022-10-06 13:47:00,20.05685,20.05770,20.05530,20.05650
2022-10-06 13:48:00,20.05570,20.05645,20.04730,20.04760
2022-10-06 13:49:00,20.04890,20.05150,20.04490,20.05055
2022-10-06 13:50:00,20.05090,20.05320,20.04955,20.04955
2022-10-06 13:51:00,20.05100,20.05250,20.04850,20.04875
2022-10-06 13:52:00,20.04920,20.05280,20.04850,20.05065
2022-10-06 13:53:00,20.05230,20.05260,20.04850,20.05055
2022-10-06 13:54:00,20.05170,20.05170,20.04955,20.05015
2022-10-06 13:55:00,20.05150,20.05170,20.04655,20.04770
2022-10-06 13:56:00,20.04770,20.04830,20.04100,20.04330
2022-10-06 13:57:00,20.04305,20.05060,20.04185,20.04925
2022-10-06 13:58:00,20.04950,20.05260,20.04950,20.05045
2022-10-06 13:59:00,20.04960,20.05000,20.04650,20.04835
2022-10-06 14:00:00,20.04830,20.04850,20.04300,20.04605
2022-10-06 14:01:00,20.04590,20.04670,20.04550,20.04630
2022-10-06 14:02:00,20.04550,20.04680,20.04300,20.04455
2022-10-06 14:03:00,20.04465,20.04550,20.04250,20.04365
2022-10-06 14:04:00,20.04440,20.04530,20.04265,20.04265
2022-10-06 14:05:00,20.04440,20.04700,20.04300,20.04585
2022-10-06 14:06:00,20.04680,20.04800,20.04550,20.04800
2022-10-06 14:07:00,20.04850,20.04850,20.04595,20.04700
2022-10-06 14:08:00,20.04690,20.04700,20.04150,20.04245
2022-10-06 14:09:00,20.04350,20.04350,20.03900,20.03960
2022-10-06 14:10:00,20.03930,20.04250,20.03850,20.04190
2022-10-06 14:11:00,20.04190,20.04360,20.04050,20.04140
2022-10-06 14:12:00,20.04050,20.04250,20.03875,20.04040
2022-10-06 14:13:00,20.04040,20.04140,20.03795,20.03795
2022-10-06 14:14:00,20.03820,20.03860,20.03650,20.03675
2022-10-06 14:15:00,20.03760,20.03900,20.03600,20.03775
2022-10-06 14:16:00,20.03900,20.03970,20.03635,20.03695
2022-10-06 14:17:00,20.03760,20.03840,20.03500,20.03615
2022-10-06 14:18:00,20.03730,20.03840,20.03395,20.03435
2022-10-06 14:19:00,20.03480,20.03560,20.03375,20.03375
2022-10-06 14:20:00,20.03420,20.03430,20.03250,20.03255
2022-10-06 14:21:00,20.03410,20.03430,20.03070,20.03220
2022-10-06 14:22:00,20.03250,20.03310,20.02980,20.02980
2022-10-06 14:23:00,20.03090,20.03275,20.02920,20.03250
2022-10-06 14:24:00,20.03220,20.03250,20.02970,20.03250
2022-10-06 14:25:00,20.03090,20.03270,20.02940,20.03250
2022-10-06 14:26:00,20.03155,20.03250,20.02920,20.02920
2022-10-06 14:27:00,20.02960,20.03250,20.02710,20.02850
2022-10-06 14:28:00,20.02850,20.02970,20.02340,20.02340
2022-10-06 14:29:00,20.02320,20.03000,20.02320,20.03000
2022-10-06 14:30:00,20.02860,20.03120,20.02580,20.02900
2022-10-06 14:31:00,20.02690,20.03050,20.02690,20.02875
2022-10-06 14:32:00,20.02880,20.03520,20.02880,20.03385
2022-10-06 14:33:00,20.03395,20.03520,20.03140,20.03215
2022-10-06 14:34:00,20.03150,20.03550,20.03150,20.03425
2022-10-06 14:35:00,20.03370,20.03590,20.03280,20.03505
2022-10-06 14:36:00,20.03520,20.03580,20.03365,20.03525
2022-10-06 14:37:00,20.03390,20.03570,20.03390,20.03405
2022-10-06 14:38:00,20.03405,20.03540,20.03265,20.03275
2022-10-06 14:39:00,20.03350,20.03560,20.03200,20.03560
2022-10-06 14:40:00,20.03515,20.03590,20.03415,20.03415
2022-10-06 14:41:00,20.03415,20.03580,20.03345,20.03405
2022-10-06 14:42:00,20.03460,20.03950,20.03395,20.03845
2022-10-06 14:43:00,20.03870,20.03890,20.03600,20.03600
2022-10-06 14:44:00,20.03700,20.03820,20.03600,20.03600
2022-10-06 14:45:00,20.03820,20.03910,20.03600,20.03910
2022-10-06 14:46:00,20.03930,20.04010,20.03805,20.03885
2022-10-06 14:47:00,20.04010,20.04230,20.03885,20.04055
2022-10-06 14:48:00,20.04230,20.04230,20.03850,20.04160
2022-10-06 14:49:00,20.03995,20.04180,20.03800,20.04005
2022-10-06 14:50:00,20.04100,20.04190,20.03800,20.03985
2022-10-06 14:51:00,20.03800,20.04230,20.03800,20.04140
2022-10-06 14:52:00,20.03995,20.04200,20.03850,20.04035
2022-10-06 14:53:00,20.04190,20.04200,20.03800,20.04080
2022-10-06 14:54:00,20.04040,20.04140,20.03600,20.03780
2022-10-06 14:55:00,20.03725,20.03990,20.03600,20.03990
2022-10-06 14:56:00,20.03920,20.03990,20.03800,20.03835
2022-10-06 14:57:00,20.04010,20.04040,20.03755,20.03795
2022-10-06 14:58:00,20.03890,20.03990,20.03650,20.03815
2022-10-06 14:59:00,20.03825,20.03950,20.03815,20.03910
2022-10-06 15:00:00,20.03930,20.04180,20.03795,20.03915
2022-10-06 15:01:00,20.04120,20.04210,20.03915,20.04100
2022-10-06 15:02:00,20.03995,20.04250,20.03975,20.04110
2022-10-06 15:03:00,20.04015,20.04230,20.04015,20.04035
2022-10-06 15:04:00,20.04035,20.04250,20.03805,20.03805
2022-10-06 15:05:00,20.03900,20.04080,20.03875,20.03885
2022-10-06 15:06:00,20.03885,20.04160,20.03885,20.03965
2022-10-06 15:07:00,20.03965,20.04200,20.03800,20.03995
2022-10-06 15:08:00,20.04200,20.04200,20.03985,20.03995
2022-10-06 15:09:00,20.03995,20.04210,20.03955,20.03985
2022-10-06 15:10:00,20.04100,20.04270,20.03985,20.04005
2022-10-06 15:11:00,20.04120,20.04200,20.03800,20.03995
2022-10-06 15:12:00,20.04070,20.04270,20.03955,20.04205
2022-10-06 15:13:00,20.04250,20.04270,20.04185,20.04205
2022-10-06 15:14:00,20.04205,20.04380,20.04195,20.04320
2022-10-06 15:15:00,20.04210,20.04800,20.04200,20.04800
2022-10-06 15:16:00,20.04640,20.05100,20.04630,20.04895
2022-10-06 15:17:00,20.05060,20.05060,20.04665,20.04665
2022-10-06 15:18:00,20.04800,20.04800,20.04315,20.04540
2022-10-06 15:19:00,20.04460,20.04620,20.04460,20.04555
2022-10-06 15:20:00,20.04620,20.04620,20.04310,20.04345
2022-10-06 15:21:00,20.04310,20.04450,20.04210,20.04450
2022-10-06 15:22:00,20.04340,20.04355,20.04290,20.04310
2022-10-06 15:23:00,20.04335,20.04375,20.04290,20.04375
2022-10-06 15:24:00,20.04375,20.04450,20.04270,20.04325
2022-10-06 15:25:00,20.04310,20.04500,20.04270,20.04400
2022-10-06 15:26:00,20.04385,20.04420,20.04340,20.04360
2022-10-06 15:27:00,20.04360,20.04500,20.04355,20.04385
2022-10-06 15:28:00,20.04420,20.04500,20.04340,20.04385
2022-10-06 15:29:00,20.04385,20.04500,20.04290,20.04345
2022-10-06 15:30:00,20.04350,20.04500,20.04310,20.04425
2022-10-06 15:31:00,20.04440,20.04500,20.04340,20.04415
2022-10-06 15:32:00,20.04450,20.04490,20.04330,20.04405
2022-10-06 15:33:00,20.04415,20.04500,20.04385,20.04385
2022-10-06 15:34:00,20.04385,20.04385,20.04270,20.04370
2022-10-06 15:35:00,20.04345,20.04500,20.04310,20.04415
2022-10-06 15:36:00,20.04400,20.04500,20.04270,20.04335
2022-10-06 15:37:00,20.04350,20.04380,20.04310,20.04370
2022-10-06 15:38:00,20.04350,20.04450,20.04310,20.04360
2022-10-06 15:39:00,20.04350,20.04500,20.04350,20.04405
2022-10-06 15:40:00,20.04450,20.04450,20.04290,20.04320
2022-10-06 15:41:00,20.04330,20.04355,20.04280,20.04355
2022-10-06 15:42:00,20.04355,20.04355,20.04290,20.04340
2022-10-06 15:43:00,20.04310,20.04355,20.04270,20.04325
2022-10-06 15:44:00,20.04140,20.04205,20.03435,20.03600
2022-10-06 15:45:00,20.03500,20.03640,20.03390,20.03455
2022-10-06 15:46:00,20.03440,20.03580,20.03350,20.03450
2022-10-06 15:47:00,20.03450,20.03590,20.03400,20.03540
2022-10-06 15:48:00,20.03580,20.03930,20.03465,20.03600
2022-10-06 15:49:00,20.03890,20.03890,20.03425,20.03570
2022-10-06 15:50:00,20.03500,20.03570,20.03200,20.03220
2022-10-06 15:51:00,20.03390,20.03560,20.03255,20.03260
2022-10-06 15:52:00,20.03520,20.03540,20.03200,20.03200
2022-10-06 15:53:00,20.03310,20.03500,20.03180,20.03280
2022-10-06 15:54:00,20.03205,20.03350,20.03205,20.03350
2022-10-06 15:55:00,20.03280,20.03480,20.03200,20.03200
2022-10-06 15:56:00,20.03350,20.03650,20.03200,20.03610
2022-10-06 15:57:00,20.03650,20.03670,20.03535,20.03630
2022-10-06 15:58:00,20.03630,20.03650,20.03200,20.03200
2022-10-06 15:59:00,20.03300,20.03520,20.03200,20.03200
2022-10-06 16:00:00,20.03220,20.03570,20.03200,20.03435
2022-10-06 16:01:00,20.03500,20.03520,20.03200,20.03215
2022-10-06 16:02:00,20.03420,20.03680,20.03270,20.03650
2022-10-06 16:03:00,20.03650,20.03670,20.03480,20.03580
2022-10-06 16:04:00,20.03545,20.04010,20.03545,20.03875
2022-10-06 16:05:00,20.03990,20.04190,20.03820,20.03890
2022-10-06 16:06:00,20.03950,20.04130,20.03845,20.04070
2022-10-06 16:07:00,20.04050,20.04160,20.03855,20.04015
2022-10-06 16:08:00,20.04040,20.04120,20.03885,20.03885
2022-10-06 16:09:00,20.03910,20.03990,20.03650,20.03895
2022-10-06 16:10:00,20.03890,20.04030,20.03825,20.03930
2022-10-06 16:11:00,20.03930,20.04030,20.03670,20.03670
2022-10-06 16:12:00,20.03680,20.03970,20.03650,20.03650
2022-10-06 16:13:00,20.03720,20.03775,20.03530,20.03650
2022-10-06 16:14:00,20.03650,20.03745,20.03460,20.03535
2022-10-06 16:15:00,20.03480,20.03525,20.03270,20.03385
2022-10-06 16:16:00,20.03280,20.03465,20.03280,20.03405
2022-10-06 16:17:00,20.03310,20.03395,20.03280,20.03345
2022-10-06 16:18:00,20.03280,20.03345,20.02940,20.03175
2022-10-06 16:19:00,20.03090,20.03475,20.03050,20.03350
2022-10-06 16:20:00,20.03380,20.03625,20.03350,20.03430
2022-10-06 16:21:00,20.03400,20.03455,20.03310,20.03435
2022-10-06 16:22:00,20.03350,20.03435,20.03170,20.03435
2022-10-06 16:23:00,20.03350,20.03465,20.03200,20.03330
2022-10-06 16:24:00,20.03220,20.03475,20.03220,20.03345
2022-10-06 16:25:00,20.03230,20.03415,20.03110,20.03110
2022-10-06 16:26:00,20.03050,20.03345,20.03050,20.03275
2022-10-06 16:27:00,20.03160,20.03375,20.03100,20.03325
2022-10-06 16:28:00,20.03230,20.03305,20.03100,20.03305
2022-10-06 16:29:00,20.03200,20.03315,20.02940,20.02940
2022-10-06 16:30:00,20.02970,20.03105,20.02900,20.03005
2022-10-06 16:31:00,20.02920,20.02995,20.02590,20.02850
2022-10-06 16:32:00,20.02670,20.02850,20.02470,20.02625
2022-10-06 16:33:00,20.02490,20.02615,20.02470,20.02615
2022-10-06 16:34:00,20.02480,20.02615,20.02430,20.02605
2022-10-06 16:35:00,20.02605,20.02605,20.02130,20.02245
2022-10-06 16:36:00,20.02150,20.02430,20.02060,20.02205
2022-10-06 16:37:00,20.02195,20.02205,20.02110,20.02110
2022-10-06 16:38:00,20.02240,20.02240,20.01700,20.01845
2022-10-06 16:39:00,20.01750,20.01905,20.01720,20.01885
2022-10-06 16:40:00,20.01790,20.02245,20.01720,20.02070
2022-10-06 16:41:00,20.02245,20.02265,20.02020,20.02110
2022-10-06 16:42:00,20.02150,20.02495,20.02000,20.02350
2022-10-06 16:43:00,20.02715,20.02800,20.02400,20.02400
2022-10-06 16:44:00,20.02430,20.02605,20.02390,20.02605
2022-10-06 16:45:00,20.02450,20.02490,20.02150,20.02350
2022-10-06 16:46:00,20.02190,20.02470,20.02180,20.02230
2022-10-06 16:47:00,20.02410,20.02470,20.01880,20.02055
2022-10-06 16:48:00,20.02040,20.02450,20.01980,20.02350
2022-10-06 16:49:00,20.02330,20.02560,20.02190,20.02475
2022-10-06 16:50:00,20.02430,20.02650,20.02400,20.02450
2022-10-06 16:51:00,20.02450,20.02800,20.02400,20.02400
2022-10-06 16:52:00,20.02580,20.02800,20.02450,20.02800
2022-10-06 16:53:00,20.02840,20.02880,20.02560,20.02750
2022-10-06 16:54:00,20.02650,20.03015,20.02480,20.03015
2022-10-06 16:55:00,20.02960,20.03250,20.02770,20.03025
2022-10-06 16:56:00,20.02900,20.03200,20.02880,20.02975
2022-10-06 16:57:00,20.02900,20.03250,20.02830,20.02920
2022-10-06 16:58:00,20.02990,20.03200,20.02520,20.02750
2022-10-06 16:59:00,20.02480,20.02970,20.02410,20.02970
2022-10-06 17:00:00,20.02980,20.03250,20.02970,20.03155
2022-10-06 17:01:00,20.03160,20.03620,20.02920,20.03620
2022-10-06 17:02:00,20.03800,20.04410,20.03750,20.04235
2022-10-06 17:03:00,20.04380,20.05790,20.04235,20.05055
2022-10-06 17:04:00,20.05150,20.05450,20.05025,20.05235
2022-10-06 17:05:00,20.05250,20.05810,20.05050,20.05515
2022-10-06 17:06:00,20.05560,20.05660,20.05230,20.05230
2022-10-06 17:07:00,20.05120,20.05250,20.04505,20.04505
2022-10-06 17:08:00,20.04680,20.04960,20.04465,20.04465
2022-10-06 17:09:00,20.04800,20.04910,20.04575,20.04575
2022-10-06 17:10:00,20.04675,20.05530,20.04485,20.05480
2022-10-06 17:11:00,20.05550,20.05660,20.05490,20.05625
2022-10-06 17:12:00,20.05555,20.05720,20.05485,20.05680
2022-10-06 17:13:00,20.05740,20.06500,20.05695,20.06415
2022-10-06 17:14:00,20.06500,20.06500,20.05815,20.06100
2022-10-06 17:15:00,20.06110,20.06480,20.06110,20.06395
2022-10-06 17:16:00,20.06540,20.06920,20.06275,20.06700
2022-10-06 17:17:00,20.06910,20.07290,20.06700,20.07290
2022-10-06 17:18:00,20.07270,20.07270,20.06860,20.07175
2022-10-06 17:19:00,20.07250,20.07760,20.07175,20.07485
2022-10-06 17:20:00,20.07700,20.07700,20.06705,20.07290
2022-10-06 17:21:00,20.07350,20.07380,20.06705,20.06875
2022-10-06 17:22:00,20.06940,20.07180,20.06765,20.07025
2022-10-06 17:23:00,20.07045,20.07180,20.06655,20.06755
2022-10-06 17:24:00,20.06920,20.06920,20.06400,20.06485
2022-10-06 17:25:00,20.06630,20.07390,20.06515,20.07175
2022-10-06 17:26:00,20.07440,20.07590,20.06835,20.06835
2022-10-06 17:27:00,20.06860,20.07140,20.06795,20.06945
2022-10-06 17:28:00,20.06940,20.07050,20.06645,20.06685
2022-10-06 17:29:00,20.06880,20.07060,20.06675,20.06965
2022-10-06 17:30:00,20.07140,20.07190,20.06665,20.06845
2022-10-06 17:31:00,20.06810,20.06860,20.06385,20.06385
2022-10-06 17:32:00,20.06470,20.06520,20.06225,20.06345
2022-10-06 17:33:00,20.06410,20.06485,20.06005,20.06005
2022-10-06 17:34:00,20.06060,20.06085,20.05615,20.05615
2022-10-06 17:35:00,20.05640,20.06020,20.05605,20.05795
2022-10-06 17:36:00,20.05870,20.06500,20.05870,20.06135
2022-10-06 17:37:00,20.05980,20.06500,20.05910,20.06465
2022-10-06 17:38:00,20.06360,20.06495,20.06305,20.06425
2022-10-06 17:39:00,20.06425,20.06895,20.06370,20.06895
2022-10-06 17:40:00,20.06780,20.06895,20.06575,20.06855
2022-10-06 17:41:00,20.06840,20.07070,20.06250,20.06250
2022-10-06 17:42:00,20.06350,20.06350,20.05560,20.05985
2022-10-06 17:43:00,20.05960,20.06360,20.05750,20.06325
2022-10-06 17:44:00,20.06350,20.06710,20.06130,20.06515
2022-10-06 17:45:00,20.06480,20.06480,20.06315,20.06385
2022-10-06 17:46:00,20.06450,20.06800,20.06305,20.06750
2022-10-06 17:47:00,20.06820,20.06950,20.06685,20.06950
2022-10-06 17:48:00,20.06900,20.06950,20.06450,20.06645
2022-10-06 17:49:00,20.06760,20.06975,20.06690,20.06775
2022-10-06 17:50:00,20.06750,20.07055,20.06730,20.07055
2022-10-06 17:51:00,20.07030,20.07045,20.06590,20.06865
2022-10-06 17:52:00,20.06860,20.07385,20.06795,20.07215
2022-10-06 17:53:00,20.07290,20.07670,20.07185,20.07555
2022-10-06 17:54:00,20.07630,20.07630,20.07090,20.07195
2022-10-06 17:55:00,20.07160,20.07695,20.07160,20.07685
2022-10-06 17:56:00,20.07685,20.08105,20.07520,20.08105
2022-10-06 17:57:00,20.08230,20.09395,20.08230,20.09395
2022-10-06 17:58:00,20.09280,20.09730,20.09200,20.09535
2022-10-06 17:59:00,20.09540,20.09560,20.08950,20.09335
2022-10-06 18:00:00,20.09150,20.09365,20.08770,20.09245
2022-10-06 18:01:00,20.09170,20.09655,20.09080,20.09555
2022-10-06 18:02:00,20.09380,20.09705,20.09210,20.09550
2022-10-06 18:03:00,20.09280,20.09660,20.08360,20.08475
2022-10-06 18:04:00,20.08400,20.08595,20.07550,20.08425
2022-10-06 18:05:00,20.08430,20.08465,20.07580,20.07965
2022-10-06 18:06:00,20.08060,20.08700,20.07820,20.08425
2022-10-06 18:07:00,20.08380,20.08420,20.07200,20.07200
2022-10-06 18:08:00,20.07240,20.07425,20.07010,20.07125
2022-10-06 18:09:00,20.07110,20.07545,20.06900,20.07450
2022-10-06 18:10:00,20.07430,20.07565,20.06200,20.06345
2022-10-06 18:11:00,20.06330,20.06755,20.06070,20.06495
2022-10-06 18:12:00,20.06630,20.07135,20.06630,20.06825
2022-10-06 18:13:00,20.06840,20.07195,20.06240,20.06485
2022-10-06 18:14:00,20.06520,20.06520,20.06050,20.06445
2022-10-06 18:15:00,20.06430,20.06695,20.06070,20.06695
2022-10-06 18:16:00,20.06480,20.07045,20.06370,20.07045
2022-10-06 18:17:00,20.06890,20.06920,20.05680,20.06235
2022-10-06 18:18:00,20.06160,20.06200,20.05470,20.05635
2022-10-06 18:19:00,20.05440,20.05555,20.05105,20.05225
2022-10-06 18:20:00,20.05130,20.05750,20.05110,20.05700
2022-10-06 18:21:00,20.05580,20.05880,20.05460,20.05550
2022-10-06 18:22:00,20.05500,20.05935,20.05440,20.05935
2022-10-06 18:23:00,20.05920,20.05935,20.05080,20.05785
2022-10-06 18:24:00,20.05680,20.06545,20.05505,20.06335
2022-10-06 18:25:00,20.06340,20.06410,20.05720,20.06320
2022-10-06 18:26:00,20.06300,20.06330,20.05810,20.05980
2022-10-06 18:27:00,20.05860,20.06150,20.05660,20.06005
2022-10-06 18:28:00,20.05790,20.05975,20.05190,20.05265
2022-10-06 18:29:00,20.05260,20.05260,20.04395,20.04405
2022-10-06 18:30:00,20.04420,20.04890,20.04360,20.04740
2022-10-06 18:31:00,20.04810,20.04910,20.04585,20.04800
2022-10-06 18:32:00,20.04800,20.05710,20.04460,20.05665
2022-10-06 18:33:00,20.05750,20.06020,20.05315,20.05450
2022-10-06 18:34:00,20.05240,20.05640,20.05150,20.05170
2022-10-06 18:35:00,20.05210,20.05800,20.05210,20.05400
2022-10-06 18:36:00,20.05430,20.05720,20.05220,20.05530
2022-10-06 18:37:00,20.05420,20.05750,20.04980,20.05020
2022-10-06 18:38:00,20.05105,20.05365,20.04360,20.04455
2022-10-06 18:39:00,20.04380,20.04680,20.04300,20.04355
2022-10-06 18:40:00,20.04380,20.04770,20.04250,20.04305
2022-10-06 18:41:00,20.04290,20.04375,20.04120,20.04275
2022-10-06 18:42:00,20.04200,20.04335,20.04010,20.04095
2022-10-06 18:43:00,20.04100,20.04315,20.03990,20.04120
2022-10-06 18:44:00,20.04080,20.05110,20.04080,20.05110
2022-10-06 18:45:00,20.05110,20.05580,20.05020,20.05050
2022-10-06 18:46:00,20.05120,20.05150,20.04720,20.04980
2022-10-06 18:47:00,20.05060,20.05085,20.04715,20.04830
2022-10-06 18:48:00,20.04680,20.04895,20.04270,20.04720
2022-10-06 18:49:00,20.04630,20.04965,20.04140,20.04140
2022-10-06 18:50:00,20.04160,20.04845,20.04120,20.04565
2022-10-06 18:51:00,20.04590,20.04695,20.04270,20.04685
2022-10-06 18:52:00,20.04650,20.04705,20.04380,20.04455
2022-10-06 18:53:00,20.04440,20.04800,20.04340,20.04515
2022-10-06 18:54:00,20.04470,20.04775,20.04435,20.04435
2022-10-06 18:55:00,20.04330,20.04400,20.04115,20.04380
2022-10-06 18:56:00,20.04340,20.04850,20.04320,20.04800
2022-10-06 18:57:00,20.04870,20.05355,20.04650,20.05195
2022-10-06 18:58:00,20.05170,20.05210,20.04545,20.04645
2022-10-06 18:59:00,20.04720,20.04895,20.04270,20.04705
2022-10-06 19:00:00,20.04790,20.05220,20.04760,20.05150
2022-10-06 19:01:00,20.05040,20.05205,20.04760,20.05060
2022-10-06 19:02:00,20.05090,20.05740,20.04940,20.05595
2022-10-06 19:03:00,20.05540,20.05775,20.05140,20.05315
2022-10-06 19:04:00,20.05260,20.05400,20.04980,20.05045
2022-10-06 19:05:00,20.05030,20.05040,20.04190,20.04240
2022-10-06 19:06:00,20.04250,20.04380,20.04140,20.04335
2022-10-06 19:07:00,20.04270,20.04500,20.04180,20.04420
2022-10-06 19:08:00,20.04430,20.04725,20.04320,20.04650
2022-10-06 19:09:00,20.04665,20.05620,20.04665,20.05450
2022-10-06 19:10:00,20.05460,20.05890,20.05400,20.05400
2022-10-06 19:11:00,20.05450,20.06500,20.05410,20.06500
2022-10-06 19:12:00,20.06750,20.07090,20.06575,20.06730
2022-10-06 19:13:00,20.06710,20.06785,20.05940,20.06390
2022-10-06 19:14:00,20.06380,20.06525,20.06180,20.06205
2022-10-06 19:15:00,20.06240,20.06260,20.05640,20.05920
2022-10-06 19:16:00,20.05920,20.06550,20.05920,20.06110
2022-10-06 19:17:00,20.06180,20.06345,20.05840,20.06280
2022-10-06 19:18:00,20.06220,20.06710,20.06220,20.06695
2022-10-06 19:19:00,20.06570,20.06900,20.06540,20.06800
2022-10-06 19:20:00,20.06660,20.07710,20.06660,20.07560
2022-10-06 19:21:00,20.07580,20.08590,20.07570,20.08530
2022-10-06 19:22:00,20.08460,20.08530,20.08060,20.08230
2022-10-06 19:23:00,20.08290,20.08470,20.08040,20.08245
2022-10-06 19:24:00,20.08355,20.08680,20.08355,20.08605
2022-10-06 19:25:00,20.08640,20.08640,20.08310,20.08385
2022-10-06 19:26:00,20.07890,20.08315,20.07800,20.08315
2022-10-06 19:27:00,20.08270,20.08530,20.08075,20.08485
2022-10-06 19:28:00,20.08530,20.08530,20.08385,20.08500
2022-10-06 19:29:00,20.08550,20.08870,20.08495,20.08755
2022-10-06 19:30:00,20.08760,20.08810,20.08355,20.08495
2022-10-06 19:31:00,20.08485,20.08490,20.07915,20.08105
2022-10-06 19:32:00,20.08190,20.08580,20.08145,20.08420
2022-10-06 19:33:00,20.08400,20.08890,20.08335,20.08755
2022-10-06 19:34:00,20.08550,20.08790,20.08415,20.08725
2022-10-06 19:35:00,20.08510,20.08640,20.08315,20.08450
2022-10-06 19:36:00,20.08530,20.08740,20.08385,20.08475
2022-10-06 19:37:00,20.08490,20.08510,20.08005,20.08235
2022-10-06 19:38:00,20.08260,20.08490,20.08260,20.08405
2022-10-06 19:39:00,20.08460,20.08775,20.08360,20.08775
2022-10-06 19:40:00,20.08720,20.08735,20.08320,20.08570
2022-10-06 19:41:00,20.08700,20.09225,20.08585,20.08980
2022-10-06 19:42:00,20.08920,20.09340,20.08700,20.09340
2022-10-06 19:43:00,20.09320,20.10090,20.09280,20.10090
2022-10-06 19:44:00,20.10260,20.10460,20.09980,20.10035
2022-10-06 19:45:00,20.10030,20.10130,20.09130,20.09280
2022-10-06 19:46:00,20.09280,20.09435,20.08950,20.09070
2022-10-06 19:47:00,20.08890,20.08945,20.08410,20.08545
2022-10-06 19:48:00,20.08490,20.08650,20.08080,20.08590
2022-10-06 19:49:00,20.08510,20.08700,20.08340,20.08380
2022-10-06 19:50:00,20.08400,20.09200,20.08310,20.09190
2022-10-06 19:51:00,20.09250,20.09250,20.08340,20.08360
2022-10-06 19:52:00,20.08395,20.08395,20.07910,20.07990
2022-10-06 19:53:00,20.07950,20.08175,20.07940,20.07970
2022-10-06 19:54:00,20.07985,20.08250,20.07950,20.08010
2022-10-06 19:55:00,20.08040,20.08740,20.08040,20.08510
2022-10-06 19:56:00,20.08530,20.08960,20.08400,20.08415
2022-10-06 19:57:00,20.08480,20.08650,20.08450,20.08515
2022-10-06 19:58:00,20.08460,20.08645,20.08370,20.08445
2022-10-06 19:59:00,20.08440,20.08445,20.08030,20.08085
2022-10-06 20:00:00,20.08040,20.08425,20.08040,20.08275
2022-10-06 20:01:00,20.08230,20.08890,20.08220,20.08575
2022-10-06 20:02:00,20.08600,20.08600,20.07910,20.08225
2022-10-06 20:03:00,20.08160,20.08360,20.08055,20.08350
2022-10-06 20:04:00,20.08510,20.08640,20.07985,20.07985
2022-10-06 20:05:00,20.08060,20.08100,20.07480,20.07500
2022-10-06 20:06:00,20.07520,20.07630,20.07200,20.07295
2022-10-06 20:07:00,20.07350,20.07890,20.07305,20.07515
2022-10-06 20:08:00,20.07590,20.07590,20.07205,20.07295
2022-10-06 20:09:00,20.07230,20.07380,20.07120,20.07240
2022-10-06 20:10:00,20.07310,20.07740,20.07270,20.07715
2022-10-06 20:11:00,20.07710,20.07710,20.07175,20.07255
2022-10-06 20:12:00,20.07230,20.07690,20.07230,20.07555
2022-10-06 20:13:00,20.07590,20.07780,20.07515,20.07585
2022-10-06 20:14:00,20.07630,20.07630,20.07265,20.07345
2022-10-06 20:15:00,20.07700,20.07850,20.07605,20.07760
2022-10-06 20:16:00,20.07760,20.08160,20.07715,20.08085
2022-10-06 20:17:00,20.07970,20.08140,20.07690,20.07760
2022-10-06 20:18:00,20.07740,20.07740,20.07205,20.07205
2022-10-06 20:19:00,20.07330,20.07420,20.07225,20.07365
2022-10-06 20:20:00,20.07480,20.07520,20.07120,20.07245
2022-10-06 20:21:00,20.07180,20.07240,20.06825,20.06970
2022-10-06 20:22:00,20.07230,20.07420,20.06950,20.07175
2022-10-06 20:23:00,20.07240,20.07670,20.07205,20.07425
2022-10-06 20:24:00,20.07500,20.07630,20.07420,20.07515
2022-10-06 20:25:00,20.07540,20.08010,20.07460,20.07585
2022-10-06 20:26:00,20.07360,20.07690,20.07315,20.07440
2022-10-06 20:27:00,20.07460,20.07840,20.07355,20.07705
2022-10-06 20:28:00,20.07760,20.07800,20.07555,20.07700
2022-10-06 20:29:00,20.07630,20.07780,20.07345,20.07375
2022-10-06 20:30:00,20.07440,20.08210,20.07330,20.08160
2022-10-06 20:31:00,20.08040,20.08120,20.07950,20.08005
2022-10-06 20:32:00,20.07950,20.08220,20.07590,20.07600
2022-10-06 20:33:00,20.07630,20.07790,20.07580,20.07650
2022-10-06 20:34:00,20.07700,20.07890,20.07630,20.07685
2022-10-06 20:35:00,20.07720,20.08080,20.07650,20.07870
2022-10-06 20:36:00,20.07860,20.08110,20.07805,20.08075
2022-10-06 20:37:00,20.08000,20.08100,20.07700,20.07720
2022-10-06 20:38:00,20.07710,20.07740,20.07635,20.07635
2022-10-06 20:39:00,20.07635,20.07780,20.07630,20.07650
2022-10-06 20:40:00,20.07720,20.07755,20.07615,20.07615
2022-10-06 20:41:00,20.07645,20.07645,20.07270,20.07465
2022-10-06 20:42:00,20.07460,20.07480,20.07310,20.07325
2022-10-06 20:43:00,20.07370,20.07460,20.07305,20.07445
2022-10-06 20:44:00,20.07410,20.08080,20.07385,20.07700
2022-10-06 20:45:00,20.07810,20.08300,20.07795,20.08120
2022-10-06 20:46:00,20.08020,20.08610,20.07885,20.08380
2022-10-06 20:47:00,20.08360,20.08480,20.08075,20.08110
2022-10-06 20:48:00,20.08065,20.08340,20.07850,20.08275
2022-10-06 20:49:00,20.08320,20.08550,20.08305,20.08305
2022-10-06 20:50:00,20.08530,20.08610,20.08450,20.08475
2022-10-06 20:51:00,20.08455,20.08475,20.08170,20.08475
2022-10-06 20:52:00,20.08435,20.08435,20.08110,20.08270
2022-10-06 20:53:00,20.08270,20.08270,20.08080,20.08120
2022-10-06 20:54:00,20.08210,20.08290,20.08100,20.08165
2022-10-06 20:55:00,20.08210,20.08550,20.08080,20.08550
2022-10-06 20:56:00,20.08590,20.08600,20.08420,20.08505
2022-10-06 20:57:00,20.08450,20.08775,20.08420,20.08620
2022-10-06 20:58:00,20.08655,20.08685,20.08510,20.08645
2022-10-06 20:59:00,20.08600,20.08675,20.08470,20.08570
2022-10-06 21:00:00,20.08550,20.08685,20.08420,20.08615
2022-10-06 21:01:00,20.08585,20.08665,20.08460,20.08600
2022-10-06 21:02:00,20.08580,20.09750,20.08560,20.09485
2022-10-06 21:03:00,20.09410,20.09830,20.09410,20.09580
2022-10-06 21:04:00,20.09450,20.09575,20.09110,20.09205
2022-10-06 21:05:00,20.09170,20.09190,20.08505,20.08605
2022-10-06 21:06:00,20.08590,20.08890,20.08490,20.08875
2022-10-06 21:07:00,20.08790,20.09340,20.08660,20.09300
2022-10-06 21:08:00,20.09295,20.09510,20.09185,20.09225
2022-10-06 21:09:00,20.09250,20.09790,20.09185,20.09385
2022-10-06 21:10:00,20.09460,20.09845,20.09390,20.09580
2022-10-06 21:11:00,20.09450,20.09570,20.08805,20.08910
2022-10-06 21:12:00,20.09000,20.09330,20.08885,20.09040
2022-10-06 21:13:00,20.09020,20.09020,20.08555,20.08955
2022-10-06 21:14:00,20.08930,20.09170,20.08875,20.09080
2022-10-06 21:15:00,20.08940,20.09090,20.08835,20.08930
2022-10-06 21:16:00,20.09100,20.09530,20.08885,20.09530
2022-10-06 21:17:00,20.09660,20.09880,20.09500,20.09725
2022-10-06 21:18:00,20.09850,20.09920,20.09340,20.09435
2022-10-06 21:19:00,20.09530,20.09840,20.09490,20.09790
2022-10-06 21:20:00,20.09770,20.09790,20.09300,20.09400
2022-10-06 21:21:00,20.09260,20.09510,20.08905,20.08990
2022-10-06 21:22:00,20.09020,20.09150,20.08895,20.08895
2022-10-06 21:23:00,20.08960,20.09150,20.08945,20.09100
2022-10-06 21:24:00,20.09320,20.09550,20.09215,20.09340
2022-10-06 21:25:00,20.09430,20.09560,20.09320,20.09455
2022-10-06 21:26:00,20.09540,20.09930,20.09405,20.09790
2022-10-06 21:27:00,20.09840,20.10290,20.09550,20.09715
2022-10-06 21:28:00,20.09790,20.09860,20.09555,20.09660
2022-10-06 21:29:00,20.09610,20.09690,20.09295,20.09470
2022-10-06 21:30:00,20.09470,20.09560,20.09305,20.09410
2022-10-06 21:31:00,20.09340,20.09380,20.08800,20.08980
2022-10-06 21:32:00,20.08980,20.09040,20.08815,20.08890
2022-10-06 21:33:00,20.08875,20.09110,20.08815,20.09050
2022-10-06 21:34:00,20.09060,20.09190,20.08635,20.08825
2022-10-06 21:35:00,20.08900,20.09000,20.08795,20.08865
2022-10-06 21:36:00,20.08920,20.09090,20.08720,20.08890
2022-10-06 21:37:00,20.08960,20.09070,20.08830,20.09050
2022-10-06 21:38:00,20.09040,20.09380,20.08815,20.08950
2022-10-06 21:39:00,20.08960,20.09080,20.08885,20.08905
2022-10-06 21:40:00,20.09000,20.09540,20.08895,20.09150
2022-10-06 21:41:00,20.09100,20.09260,20.08905,20.08905
2022-10-06 21:42:00,20.08980,20.09040,20.08835,20.08895
2022-10-06 21:43:00,20.08950,20.09110,20.08865,20.08985
2022-10-06 21:44:00,20.09070,20.09110,20.08895,20.08915
2022-10-06 21:45:00,20.09000,20.10170,20.08975,20.09950
2022-10-06 21:46:00,20.09900,20.09900,20.09355,20.09550
2022-10-06 21:47:00,20.09540,20.10200,20.09530,20.09935
2022-10-06 21:48:00,20.10070,20.10300,20.09935,20.10000
2022-10-06 21:49:00,20.10180,20.10240,20.09825,20.10005
2022-10-06 21:50:00,20.10290,20.10370,20.09950,20.10100
2022-10-06 21:51:00,20.10200,20.10280,20.09695,20.10095
2022-10-06 21:52:00,20.10140,20.10240,20.09545,20.09785
2022-10-06 21:53:00,20.09940,20.10290,20.09735,20.09795
2022-10-06 21:54:00,20.09870,20.09970,20.09255,20.09315
2022-10-06 21:55:00,20.09510,20.09510,20.08985,20.08985
2022-10-06 21:56:00,20.09040,20.09410,20.08935,20.09305
2022-10-06 21:57:00,20.09390,20.09940,20.09315,20.09535
2022-10-06 21:58:00,20.09560,20.09830,20.09265,20.09265
2022-10-06 21:59:00,20.09310,20.09430,20.09060,20.09135
2022-10-06 22:00:00,20.09170,20.09190,20.08920,20.08955
2022-10-06 22:01:00,20.09040,20.09380,20.07850,20.08010
2022-10-06 22:02:00,20.08045,20.08115,20.07845,20.08085
2022-10-06 22:03:00,20.08040,20.08110,20.07890,20.07935
2022-10-06 22:04:00,20.07950,20.08140,20.07650,20.07675
2022-10-06 22:05:00,20.07700,20.07830,20.07420,20.07515
2022-10-06 22:06:00,20.07570,20.08310,20.07555,20.08175
2022-10-06 22:07:00,20.08180,20.08510,20.08180,20.08355
2022-10-06 22:08:00,20.08360,20.08400,20.08255,20.08315
2022-10-06 22:09:00,20.08320,20.08500,20.08250,20.08425
2022-10-06 22:10:00,20.08470,20.08550,20.08340,20.08465
2022-10-06 22:11:00,20.08510,20.08660,20.08495,20.08635
2022-10-06 22:12:00,20.08630,20.09100,20.08630,20.08795
2022-10-06 22:13:00,20.08900,20.08930,20.08630,20.08890
2022-10-06 22:14:00,20.09020,20.09210,20.08870,20.08870
2022-10-06 22:15:00,20.08850,20.09080,20.08645,20.08940
2022-10-06 22:16:00,20.08980,20.09020,20.08375,20.08530
2022-10-06 22:17:00,20.08330,20.08550,20.08205,20.08235
2022-10-06 22:18:00,20.08420,20.09060,20.08225,20.09040
2022-10-06 22:19:00,20.09150,20.09320,20.08945,20.09065
2022-10-06 22:20:00,20.09050,20.09090,20.08495,20.09080
2022-10-06 22:21:00,20.09110,20.09255,20.09065,20.09215
2022-10-06 22:22:00,20.09190,20.09490,20.09190,20.09490
2022-10-06 22:23:00,20.09485,20.09520,20.09210,20.09375
2022-10-06 22:24:00,20.09440,20.09510,20.09315,20.09450
2022-10-06 22:25:00,20.09460,20.09585,20.09300,20.09360
2022-10-06 22:26:00,20.09350,20.10010,20.09305,20.09765
2022-10-06 22:27:00,20.09830,20.10070,20.09765,20.09925
2022-10-06 22:28:00,20.09920,20.09940,20.09335,20.09395
2022-10-06 22:29:00,20.09400,20.09410,20.09245,20.09390
2022-10-06 22:30:00,20.09390,20.09490,20.09300,20.09365
2022-10-06 22:31:00,20.09360,20.09565,20.08940,20.08965
2022-10-06 22:32:00,20.08955,20.09085,20.08955,20.09020
2022-10-06 22:33:00,20.08985,20.09020,20.08530,20.08830
2022-10-06 22:34:00,20.08800,20.09680,20.08700,20.09520
2022-10-06 22:35:00,20.09585,20.09585,20.09090,20.09350
2022-10-06 22:36:00,20.09580,20.09740,20.09365,20.09415
2022-10-06 22:37:00,20.09430,20.09600,20.09090,20.09415
2022-10-06 22:38:00,20.09390,20.09900,20.09345,20.09890
2022-10-06 22:39:00,20.09895,20.09895,20.09220,20.09360
2022-10-06 22:40:00,20.09450,20.09600,20.09020,20.09600
2022-10-06 22:41:00,20.09560,20.09880,20.09390,20.09765
2022-10-06 22:42:00,20.09770,20.10160,20.09615,20.10160
2022-10-06 22:43:00,20.10070,20.10375,20.09930,20.10295
2022-10-06 22:44:00,20.10390,20.10390,20.09895,20.10220
2022-10-06 22:45:00,20.10220,20.10750,20.10145,20.10280
2022-10-06 22:46:00,20.10375,20.10890,20.10240,20.10710
2022-10-06 22:47:00,20.10690,20.10750,20.10180,20.10600
2022-10-06 22:48:00,20.10500,20.10800,20.10500,20.10535
2022-10-06 22:49:00,20.10570,20.11190,20.10570,20.11120
2022-10-06 22:50:00,20.11095,20.11200,20.10925,20.10925
2022-10-06 22:51:00,20.10710,20.10970,20.10655,20.10800
2022-10-06 22:52:00,20.10750,20.10820,20.10445,20.10540
2022-10-06 22:53:00,20.10690,20.11400,20.10630,20.11050
2022-10-06 22:54:00,20.11055,20.11230,20.10950,20.10960
2022-10-06 22:55:00,20.11050,20.11080,20.10600,20.10625
2022-10-06 22:56:00,20.10670,20.10845,20.10605,20.10840
2022-10-06 22:57:00,20.10780,20.10950,20.10665,20.10690
2022-10-06 22:58:00,20.10780,20.10880,20.09750,20.09860
2022-10-06 22:59:00,20.09840,20.10150,20.09765,20.09770
2022-10-06 23:00:00,20.09880,20.10520,20.09785,20.10440
2022-10-06 23:01:00,20.10300,20.10690,20.09375,20.09380
2022-10-06 23:02:00,20.09580,20.10090,20.09410,20.09410
2022-10-06 23:03:00,20.09400,20.10270,20.09400,20.10150
2022-10-06 23:04:00,20.10090,20.10290,20.09850,20.09940
2022-10-06 23:05:00,20.10020,20.10260,20.09800,20.09810
2022-10-06 23:06:00,20.09770,20.10030,20.09705,20.09955
2022-10-06 23:07:00,20.09910,20.10480,20.09840,20.10425
2022-10-06 23:08:00,20.10450,20.10450,20.09820,20.09850
2022-10-06 23:09:00,20.09880,20.10090,20.09815,20.09955
2022-10-06 23:10:00,20.09730,20.10050,20.09430,20.09530
2022-10-06 23:11:00,20.09530,20.09730,20.09510,20.09585
2022-10-06 23:12:00,20.09530,20.09575,20.09190,20.09345
2022-10-06 23:13:00,20.09360,20.09750,20.09250,20.09615
2022-10-06 23:14:00,20.09640,20.10055,20.09600,20.09785
2022-10-06 23:15:00,20.09730,20.09925,20.09490,20.09565
2022-10-06 23:16:00,20.09540,20.09650,20.09190,20.09350
2022-10-06 23:17:00,20.09220,20.09615,20.09220,20.09425
2022-10-06 23:18:00,20.09380,20.09565,20.09090,20.09300
2022-10-06 23:19:00,20.09280,20.09445,20.08130,20.08235
2022-10-06 23:20:00,20.08230,20.08250,20.06930,20.07185
2022-10-06 23:21:00,20.07350,20.07500,20.06690,20.07355
2022-10-06 23:22:00,20.07210,20.07680,20.07180,20.07410
2022-10-06 23:23:00,20.07420,20.07560,20.06920,20.07300
2022-10-06 23:24:00,20.07220,20.07315,20.06580,20.06695
2022-10-06 23:25:00,20.06680,20.07250,20.06680,20.07065
2022-10-06 23:26:00,20.06970,20.07500,20.06950,20.07500
2022-10-06 23:27:00,20.07390,20.07610,20.07240,20.07500
2022-10-06 23:28:00,20.07500,20.07950,20.07500,20.07865
2022-10-06 23:29:00,20.07840,20.08380,20.07840,20.08050
2022-10-06 23:30:00,20.08230,20.08680,20.07420,20.07475
2022-10-06 23:31:00,20.07780,20.07860,20.07415,20.07430
2022-10-06 23:32:00,20.07500,20.07650,20.06645,20.06725
2022-10-06 23:33:00,20.06770,20.07240,20.06580,20.07200
2022-10-06 23:34:00,20.07180,20.07390,20.06585,20.06675
2022-10-06 23:35:00,20.06750,20.06900,20.06635,20.06785
2022-10-06 23:36:00,20.06820,20.07085,20.06285,20.06485
2022-10-06 23:37:00,20.06610,20.06840,20.06190,20.06705
2022-10-06 23:38:00,20.06710,20.07120,20.06580,20.06775
2022-10-06 23:39:00,20.06750,20.06915,20.06470,20.06600
2022-10-06 23:40:00,20.06630,20.07600,20.06520,20.07450
2022-10-06 23:41:00,20.07330,20.07385,20.06670,20.06715
2022-10-06 23:42:00,20.06730,20.06730,20.05900,20.05935
2022-10-06 23:43:00,20.05980,20.06340,20.05730,20.06090
2022-10-06 23:44:00,20.06150,20.06730,20.06020,20.06225
2022-10-06 23:45:00,20.06190,20.06780,20.06015,20.06635
2022-10-06 23:46:00,20.06640,20.07775,20.06640,20.07630
2022-10-06 23:47:00,20.07580,20.07590,20.07150,20.07150
2022-10-06 23:48:00,20.07250,20.08420,20.07250,20.08175
2022-10-06 23:49:00,20.08250,20.08310,20.07650,20.07890
2022-10-06 23:50:00,20.07890,20.08700,20.07795,20.08400
2022-10-06 23:51:00,20.08420,20.08680,20.07965,20.08175
2022-10-06 23:52:00,20.08250,20.09750,20.08100,20.09750
2022-10-06 23:53:00,20.09550,20.10180,20.09540,20.09750
2022-10-06 23:54:00,20.09680,20.09740,20.08640,20.09285
2022-10-06 23:55:00,20.09240,20.09240,20.08380,20.08595
2022-10-06 23:56:00,20.08810,20.09600,20.08810,20.09545
2022-10-06 23:57:00,20.09530,20.09750,20.09475,20.09620
2022-10-06 23:58:00,20.09620,20.10520,20.09130,20.10455
2022-10-06 23:59:00,20.10540,20.10650,20.09895,20.10435
